fabric,foliage,glass,leather,metal,paper,plastic,stone,water,wood,classe,numero,ordem
0.92297,0.00287,0.00132,0.02327,0.00519,0.00553,0.00248,0.00295,0.00182,0.0316,0,001,0
0.16796,0.24026,0.00263,0.00921,0.00203,0.47291,0.09424,0.00435,0.00428,0.00212,0,002,1
0.48733,0.44226,0.00119,0.01381,0.00065,0.04134,0.00404,0.00126,0.0007,0.0074,0,003,2
0.81462,0.00563,0.00404,0.0724,0.00634,0.06603,0.00432,0.00537,0.00512,0.01613,0,004,3
0.97012,0.00173,0.00014,0.01782,0.00041,0.00124,0.00087,0.00172,0.00017,0.00578,0,005,4
0.37753,0.35076,0.00603,0.11636,0.01608,0.07947,0.01098,0.00658,0.00349,0.03272,0,006,5
0.81996,0.06724,0.00053,0.02453,0.00089,0.00624,0.00025,0.00886,0.00918,0.06232,0,007,6
0.90854,0.03366,0.00253,0.0087,0.00093,0.02843,0.0023,0.00234,0.00935,0.00322,0,008,7
0.44737,0.00518,0.01255,0.0629,0.01265,0.37615,0.00788,0.00802,0.00662,0.06068,0,009,8
0.96745,0.00443,0.00235,0.00842,0.00106,0.00386,0.00497,0.00273,0.00251,0.00224,0,010,9
0.01186,0.25632,0.21187,0.01702,0.11348,0.14654,0.18334,0.00553,0.02914,0.0249,1,001,100
9e-05,0.98557,0.00015,0.00011,7e-05,0.01316,0.00025,0.00019,0.0002,0.00022,1,002,101
0.00299,0.95294,0.00996,0.00066,0.00206,0.00544,0.00336,0.00508,0.01285,0.00466,1,003,102
0.08821,0.49894,0.0378,0.0056,0.0839,0.0512,0.04182,0.06867,0.00664,0.11721,1,004,103
0.00773,0.56584,0.01043,0.00865,0.0083,0.3293,0.02693,0.00319,0.00279,0.03682,1,005,104
0.1061,0.15797,0.00828,0.06574,0.00586,0.42199,0.02296,0.02265,0.00824,0.1802,1,006,105
0.01195,0.12072,0.15105,0.0325,0.26693,0.08169,0.15528,0.02454,0.02312,0.13222,1,007,106
0.00074,0.99246,0.00037,0.00014,0.00018,0.00178,0.00019,0.00123,0.00189,0.00103,1,008,107
0.02587,0.40283,0.11357,0.00964,0.14672,0.08747,0.02544,0.06427,0.02259,0.1016,1,009,108
0.00103,0.96508,0.00557,0.001,0.00054,0.01675,0.00538,0.00296,0.00118,0.00052,1,010,109
0.0101,0.01316,0.49642,0.00977,0.19265,0.033,0.06119,0.03403,0.10002,0.04966,2,001,200
0.009,0.00304,0.17219,0.01446,0.45017,0.02257,0.17306,0.02593,0.02425,0.10534,2,002,201
0.00474,0.00078,0.0591,0.00407,0.05303,0.00329,0.75018,0.0326,0.08438,0.00783,2,003,202
0.1276,0.1539,0.1006,0.02304,0.20843,0.06449,0.0314,0.02311,0.00764,0.25979,2,004,203
0.00122,0.00484,0.92287,0.00094,0.00123,0.03571,0.02987,0.00039,0.00243,0.0005,2,005,204
0.00048,0.00024,0.91995,0.00099,0.04461,0.00091,0.02325,0.00152,0.00697,0.00106,2,006,205
0.00061,0.00028,0.88139,0.00052,0.02093,0.00197,0.03044,0.00136,0.05991,0.00259,2,007,206
0.00892,0.02099,0.44037,0.02356,0.29738,0.01643,0.07241,0.06694,0.00493,0.04805,2,008,207
0.0011,0.00044,0.95811,0.00227,0.00435,0.01425,0.00864,0.0018,0.00731,0.00173,2,009,208
0.00285,0.00185,0.90973,0.00141,0.00979,0.0167,0.04747,0.00256,0.00564,0.002,2,010,209
0.01454,0.00053,0.00017,0.98086,0.00014,0.00173,0.00122,0.00025,0.00029,0.00026,3,001,300
0.73292,0.03161,0.00577,0.12019,0.0062,0.03661,0.00216,0.04215,0.0139,0.00849,3,002,301
0.00253,0.00011,5e-05,0.99615,0.00012,0.00018,6e-05,0.00046,5e-05,0.00029,3,003,302
0.00312,0.00026,0.00071,0.98609,0.00156,0.0009,0.00523,0.00083,0.00101,0.00029,3,004,303
0.00525,0.00087,0.04942,0.43678,0.35011,0.01424,0.02726,0.01943,0.01693,0.0797,3,005,304
0.00642,0.00011,0.00022,0.98748,0.00071,0.00017,6e-05,0.00406,0.0005,0.00027,3,006,305
0.11146,0.00311,0.00142,0.4381,0.00228,0.43052,0.00363,0.0012,0.00411,0.00416,3,007,306
0.02497,0.00638,0.05989,0.15634,0.16237,0.04046,0.1143,0.07896,0.06054,0.29579,3,008,307
0.04432,0.00033,0.00016,0.94873,0.00035,0.00049,5e-05,0.00164,4e-05,0.00389,3,009,308
0.02745,0.00012,0.0003,0.96709,0.00042,0.00237,0.00032,0.0008,0.00023,0.0009,3,010,309
0.00038,0.0002,0.01751,0.00859,0.94786,0.00082,0.00874,0.00218,0.01243,0.00129,4,001,400
0.00089,0.00043,0.00718,0.01248,0.79126,0.00236,0.17545,0.00269,0.00262,0.00466,4,002,401
0.0053,0.0013,0.01232,0.00188,0.6312,0.00482,0.22478,0.06378,0.00689,0.04772,4,003,402
0.00644,0.00086,0.00713,0.00576,0.84882,0.00509,0.05718,0.01951,0.00293,0.04627,4,004,403
0.00804,0.00726,0.10239,0.05342,0.54398,0.0471,0.08941,0.01747,0.05685,0.07407,4,005,404
0.0245,0.02866,0.11154,0.05148,0.11829,0.25678,0.03111,0.04973,0.21995,0.10797,4,006,405
0.01107,0.0097,0.45616,0.02007,0.34226,0.03598,0.06608,0.00637,0.00753,0.04478,4,007,406
0.01126,0.00223,0.008,0.01619,0.7782,0.01261,0.1374,0.0046,0.0048,0.0247,4,008,407
0.00109,0.00043,0.06989,0.01984,0.71228,0.00477,0.18155,0.00107,0.00368,0.00541,4,009,408
0.00548,0.00049,0.31262,0.00408,0.56929,0.00703,0.02224,0.00338,0.0077,0.06768,4,010,409
0.00349,0.03077,0.0015,0.00243,0.00127,0.95316,0.00148,0.00143,0.00021,0.00427,5,001,500
0.00174,0.00784,0.00307,0.00188,0.00207,0.97043,0.0091,0.00087,0.00073,0.00227,5,002,501
0.00614,0.00156,0.0141,0.00248,0.00722,0.93945,0.01931,0.00112,0.00609,0.00253,5,003,502
0.05032,0.02307,0.01407,0.22573,0.07669,0.1953,0.01417,0.23693,0.00926,0.15448,5,004,503
0.37941,0.06202,0.00724,0.04489,0.01218,0.4441,0.00821,0.00884,0.01931,0.01381,5,005,504
0.06349,0.01024,0.01031,0.03062,0.00874,0.67199,0.16957,0.00485,0.01247,0.01771,5,006,505
0.05207,0.00702,0.03606,0.03925,0.04432,0.66092,0.08121,0.02478,0.03167,0.02269,5,007,506
0.43833,0.00598,0.00253,0.06783,0.00973,0.13186,0.00994,0.06377,0.00182,0.26821,5,008,507
0.00726,0.0014,0.02587,0.00575,0.03001,0.79267,0.10034,0.0016,0.00673,0.02837,5,009,508
0.00291,0.00198,0.0001,0.00351,0.00042,0.9784,0.00332,0.007,0.0002,0.00215,5,010,509
0.00154,0.00339,0.00317,0.01723,0.06943,0.00868,0.8865,0.00411,0.00213,0.00383,6,001,600
0.00497,0.00083,0.00928,0.01847,0.04975,0.03008,0.82867,0.00803,0.00169,0.04822,6,002,601
0.00287,0.00089,0.00639,0.13014,0.03251,0.00539,0.71478,0.09792,0.00253,0.00657,6,003,602
0.21326,0.02502,0.02615,0.37963,0.01437,0.23243,0.09677,0.00434,0.00439,0.00363,6,004,603
0.00092,0.00074,0.00272,0.00026,0.00113,0.00584,0.9801,0.00359,0.00056,0.00415,6,005,604
0.02305,0.03244,0.0102,0.0081,0.01049,0.03032,0.74694,0.11592,0.01301,0.00953,6,006,605
0.81348,0.0021,0.00279,0.04171,0.00161,0.06486,0.06577,0.00053,0.00527,0.00188,6,007,606
0.06422,0.00926,0.11381,0.07168,0.31039,0.07219,0.19731,0.02989,0.02331,0.10795,6,008,607
0.08541,0.01163,0.0827,0.05905,0.02124,0.01919,0.69512,0.00398,0.01228,0.0094,6,009,608
0.01091,0.00077,0.03392,0.08877,0.24704,0.01292,0.55795,0.01994,0.00449,0.0233,6,010,609
0.00033,0.00037,0.00018,5e-05,0.00012,0.00035,0.00011,0.99671,0.00034,0.00145,7,001,700
0.05026,0.00052,0.00802,0.00465,0.00826,0.01222,0.01605,0.86671,0.0137,0.01961,7,002,701
0.00339,0.00104,0.00067,0.0004,0.00291,0.001,0.00081,0.98467,0.00042,0.00468,7,003,702
0.00576,0.00185,0.00028,0.00162,0.00046,0.0019,0.00019,0.97515,0.00041,0.01238,7,004,703
0.02356,0.00265,0.02287,0.00185,0.00967,0.02522,0.02507,0.75937,0.11518,0.01457,7,005,704
0.00676,9e-05,0.00047,0.01199,0.00101,0.0028,0.00057,0.96727,0.00406,0.00498,7,006,705
0.01609,0.00677,0.05857,0.02468,0.32998,0.01622,0.00352,0.26268,0.19989,0.0816,7,007,706
0.00122,0.00049,0.00035,0.00011,0.00026,0.00081,0.00045,0.97979,0.00622,0.0103,7,008,707
0.04047,0.00907,0.03817,0.09845,0.06322,0.10479,0.04154,0.43774,0.01467,0.15187,7,009,708
0.01793,0.005,0.00136,0.00698,0.00107,0.01164,0.00192,0.92521,0.0014,0.02749,7,010,709
0.00086,0.00084,0.01264,0.00211,0.02077,0.0025,0.00703,0.0035,0.94235,0.00742,8,001,800
0.00208,0.00171,0.00861,0.00375,0.01451,0.00527,0.00835,0.00346,0.94444,0.00782,8,002,801
0.00037,0.0002,0.02542,0.00035,0.00071,0.00036,0.0003,0.00041,0.97165,0.00021,8,003,802
0.01162,0.01014,0.03731,0.01414,0.19837,0.02924,0.04572,0.03432,0.54764,0.07151,8,004,803
0.00079,0.00315,0.01445,0.00115,0.00577,0.00127,0.17047,0.00115,0.80085,0.00094,8,005,804
0.00826,0.01922,0.0965,0.02619,0.12995,0.02812,0.26522,0.00803,0.4103,0.0082,8,006,805
0.00081,0.00071,0.34881,0.0082,0.02254,0.00414,0.00459,0.00158,0.60578,0.00283,8,007,806
0.00227,0.00523,0.00858,0.00119,0.00564,0.0022,0.0112,0.00602,0.95615,0.00151,8,008,807
0.00113,0.00043,0.00911,0.0032,0.00913,0.00256,0.00108,0.00146,0.97008,0.00182,8,009,808
0.05368,0.00386,0.43008,0.02473,0.02412,0.05272,0.26604,0.00678,0.12478,0.01321,8,010,809
0.00477,0.0029,0.0011,0.00216,0.01779,0.00691,0.00103,0.01491,0.0035,0.94493,9,001,900
0.23105,0.03607,0.03638,0.1294,0.04283,0.12046,0.0245,0.05763,0.03148,0.29021,9,002,901
0.02091,0.00744,0.02723,0.06818,0.24326,0.05483,0.06132,0.05946,0.01208,0.44528,9,003,902
0.00399,0.00085,0.003,0.00157,0.04123,0.00168,0.00239,0.09176,0.00112,0.85242,9,004,903
0.0127,0.01134,0.00212,0.00811,0.02561,0.01529,0.00678,0.10732,0.01212,0.79862,9,005,904
0.00369,0.00086,0.00117,0.01653,0.01316,0.00787,0.00087,0.02051,0.00047,0.93488,9,006,905
0.06144,0.01427,0.02452,0.16061,0.05745,0.11178,0.04746,0.03712,0.00686,0.47849,9,007,906
0.0068,0.09935,0.00095,0.00165,0.00967,0.00252,0.00027,0.01584,0.00092,0.86205,9,008,907
0.00028,0.00108,0.0001,8e-05,0.00154,0.00029,4e-05,0.00818,0.00045,0.98795,9,009,908
0.05729,0.01556,0.19022,0.04526,0.11776,0.07349,0.05722,0.05683,0.04926,0.33712,9,010,909
0.8597,0.05497,0.00348,0.01931,0.00204,0.01877,0.00748,0.01881,0.00525,0.0102,0,011,10
0.97821,0.00105,0.00027,0.00789,0.00061,0.00577,0.00177,0.00068,0.00153,0.00222,0,012,11
0.83732,0.00051,0.00236,0.10029,0.00433,0.01244,0.02749,0.0032,0.00134,0.01071,0,013,12
0.96916,0.01054,0.00017,0.00974,0.00011,0.00937,0.00015,0.00018,8e-05,0.00051,0,014,13
0.27124,0.03189,0.04735,0.30992,0.14468,0.06418,0.02275,0.00944,0.05785,0.04071,0,015,14
0.67822,0.01989,0.00269,0.01008,0.00174,0.20558,0.07322,0.00097,0.00476,0.00283,0,016,15
0.56982,0.00359,0.01361,0.1022,0.00862,0.03386,0.23972,0.00699,0.00292,0.01868,0,017,16
0.92695,0.00167,0.00122,0.02378,0.00267,0.00975,0.00642,0.01136,0.01261,0.00356,0,018,17
0.58705,0.00994,0.00773,0.04957,0.02574,0.22273,0.04984,0.00473,0.0068,0.03588,0,019,18
0.29515,0.0174,0.01423,0.14974,0.11606,0.13361,0.15348,0.01736,0.00712,0.09586,0,020,19
0.02381,0.64707,0.01214,0.00746,0.00269,0.27778,0.01591,0.00588,0.00108,0.00618,1,011,110
0.01033,0.96777,0.00264,0.00111,0.00088,0.00881,0.00399,0.00094,0.00257,0.00095,1,012,111
0.00229,0.993,0.00025,0.00043,0.00038,0.0017,0.00027,0.00037,0.00032,0.001,1,013,112
0.02894,0.15113,0.04204,0.01234,0.02853,0.02851,0.02371,0.0069,0.01579,0.66211,1,014,113
0.00072,0.991,0.00122,0.00037,0.00077,0.00289,0.00214,0.00026,0.00024,0.00038,1,015,114
0.01467,0.96974,0.00245,0.00162,0.00052,0.00734,0.00078,0.00079,0.00106,0.00104,1,016,115
0.00029,0.99679,0.00014,8e-05,0.00018,0.00091,0.00111,7e-05,7e-05,0.00034,1,017,116
0.01043,0.66476,0.01289,0.00591,0.01463,0.23304,0.01583,0.00651,0.00601,0.03,1,018,117
0.0,0.9976,0.00031,7e-05,0.00023,0.00103,0.00014,0.00012,0.00017,0.00032,1,019,118
0.056,0.60435,0.03156,0.03519,0.07122,0.08052,0.05999,0.01041,0.01588,0.03489,1,020,119
0.02852,0.01056,0.40689,0.06422,0.18601,0.05115,0.21279,0.01104,0.01626,0.01256,2,011,210
0.03993,0.03282,0.24659,0.02837,0.01365,0.53751,0.02071,0.00582,0.06008,0.01452,2,012,211
0.00501,0.01008,0.08399,0.03149,0.5704,0.06372,0.15222,0.01533,0.00513,0.06262,2,013,212
0.04369,0.0561,0.20424,0.01571,0.32991,0.09114,0.10363,0.01965,0.04034,0.09559,2,014,213
0.01188,0.0052,0.89566,0.02525,0.02708,0.01028,0.01244,0.0025,0.00467,0.00503,2,015,214
0.00104,0.00064,0.90166,0.00049,0.03022,0.00409,0.00446,0.00617,0.04256,0.00867,2,016,215
0.01207,0.00265,0.75998,0.06327,0.04424,0.01783,0.06547,0.01198,0.01463,0.00788,2,017,216
0.009,0.00249,0.13698,0.02386,0.02154,0.02159,0.01327,0.00543,0.76139,0.00444,2,018,217
0.00145,0.00067,0.40254,0.0028,0.05812,0.00222,0.00603,0.00207,0.51885,0.00526,2,019,218
6e-05,0.00027,0.97596,5e-05,0.02119,0.00035,0.00055,0.00044,0.00095,0.00016,2,020,219
0.04426,0.00028,9e-05,0.95288,0.00048,0.00043,0.00052,0.00032,0.00012,0.00063,3,011,310
0.23181,0.00535,0.00321,0.55822,0.00679,0.11067,0.02077,0.00799,0.00235,0.05284,3,012,311
0.03943,0.00336,0.01711,0.48045,0.03735,0.05868,0.02167,0.11354,0.00744,0.22097,3,013,312
0.00719,0.00135,0.00232,0.9247,0.0097,0.00611,0.00254,0.0123,0.01792,0.01587,3,014,313
0.05186,0.00294,0.03204,0.3622,0.22042,0.01353,0.01475,0.09348,0.00493,0.20385,3,015,314
0.33567,0.00187,0.00043,0.64662,0.00086,0.00208,0.00241,0.00219,0.00047,0.00739,3,016,315
0.00291,0.00173,0.02213,0.04508,0.89426,0.0017,0.00528,0.00319,0.00953,0.0142,3,017,316
0.32908,0.01814,0.0267,0.33877,0.00881,0.00731,0.00837,0.09073,0.12163,0.05045,3,018,317
0.00386,0.00045,5e-05,0.99087,0.00098,0.00312,4e-05,9e-05,2e-05,0.00054,3,019,318
0.02902,0.00221,0.00976,0.56481,0.00586,0.06237,0.28379,0.02846,0.00374,0.00998,3,020,319
0.02299,0.00369,0.04105,0.04156,0.52852,0.01854,0.24936,0.01616,0.02433,0.05381,4,011,410
0.01384,0.02282,0.03219,0.01188,0.64524,0.01451,0.1295,0.04273,0.0042,0.08308,4,012,411
0.00354,0.00164,0.05081,0.01324,0.40589,0.00552,0.37241,0.01698,0.09922,0.03074,4,013,412
0.00519,0.00056,0.01041,0.01318,0.75246,0.0117,0.0181,0.01112,0.00256,0.17471,4,014,413
0.00812,0.00089,0.05582,0.05329,0.58062,0.08096,0.19154,0.01586,0.00485,0.00806,4,015,414
0.00451,0.00036,0.0195,0.0058,0.90089,0.00247,0.04373,0.01036,0.00485,0.00754,4,016,415
0.00549,0.00076,0.00925,0.01116,0.85016,0.00589,0.02655,0.06747,0.00278,0.02049,4,017,416
0.00238,0.00154,0.00473,0.00532,0.56634,0.00185,0.01504,0.0466,0.00683,0.34938,4,018,417
0.01951,0.00982,0.48157,0.02741,0.34482,0.01071,0.06552,0.01509,0.01574,0.00981,4,019,418
0.00289,0.00544,0.03962,0.00982,0.73034,0.00713,0.11392,0.0038,0.0291,0.05793,4,020,419
0.03366,0.01529,0.00811,0.03648,0.01995,0.76972,0.071,0.01087,0.01361,0.02131,5,011,510
0.43807,0.00372,0.00025,0.04188,0.00033,0.50452,0.0015,0.00432,0.00022,0.00521,5,012,511
0.02533,0.0012,0.00044,0.00935,0.00074,0.95114,0.00337,0.00661,0.00027,0.00155,5,013,512
0.00217,0.00115,0.0001,0.00058,7e-05,0.99408,0.0009,0.00035,0.00012,0.00049,5,014,513
0.0267,0.84104,0.00128,0.0293,0.00111,0.08853,0.00762,0.00082,0.00069,0.00291,5,015,514
0.02993,0.01669,0.39296,0.02426,0.17659,0.20991,0.07034,0.01659,0.00474,0.05799,5,016,515
0.027,0.01398,0.0081,0.00394,0.00306,0.11868,0.02582,0.32431,0.42619,0.04891,5,017,516
0.29005,0.01285,0.02311,0.13773,0.05846,0.12802,0.14955,0.01377,0.01735,0.16912,5,018,517
0.63618,0.03586,0.00022,0.01463,0.00011,0.30856,0.00187,0.00136,0.00019,0.00102,5,019,518
0.15905,0.00269,0.0554,0.35784,0.01401,0.18925,0.10942,0.01943,0.01348,0.07943,5,020,519
0.2264,0.01166,0.05294,0.06316,0.06812,0.27673,0.06757,0.02077,0.11605,0.09658,6,011,610
0.01157,0.0025,0.01234,0.01574,0.08969,0.03791,0.8036,0.00334,0.01016,0.01315,6,012,611
0.00669,0.01819,0.00663,0.00761,0.77222,0.01117,0.12597,0.00324,0.00672,0.04157,6,013,612
0.00244,0.00147,0.13474,0.00389,0.20333,0.00436,0.62711,0.01004,0.00368,0.00893,6,014,613
0.00013,5e-05,0.00317,0.00055,0.01141,0.00059,0.9817,0.00013,0.00204,0.00023,6,015,614
0.00083,0.00039,0.00279,0.00147,0.01437,0.00159,0.96847,0.00448,0.0003,0.00531,6,016,615
0.00064,0.00081,0.00154,0.0007,0.00061,0.00047,0.99313,0.00159,0.00036,0.00016,6,017,616
0.00467,0.00234,0.01354,0.01149,0.00359,0.00308,0.90415,0.05052,0.00559,0.00102,6,018,617
0.01103,0.00497,0.05642,0.04285,0.07657,0.12999,0.61377,0.01077,0.01063,0.04299,6,019,618
0.00096,0.00039,0.00401,0.01128,0.16152,0.006,0.78451,0.00668,0.00093,0.02372,6,020,619
0.00796,0.00064,0.00368,0.00256,0.00112,0.00381,0.00116,0.93979,0.03731,0.00196,7,011,710
0.00077,0.0016,7e-05,0.00038,0.00029,0.00338,9e-05,0.98938,0.0002,0.00385,7,012,711
0.01753,0.00095,0.00512,0.00282,0.00543,0.0016,0.00089,0.61296,0.34743,0.00527,7,013,712
0.00056,5e-05,0.00032,0.00015,0.00081,0.00013,0.00013,0.99721,0.00018,0.00046,7,014,713
0.02299,0.00384,0.00237,0.00117,0.00234,0.0017,0.00112,0.9338,0.02004,0.01062,7,015,714
0.00144,0.00013,0.00075,0.0003,0.01926,0.00066,0.00058,0.94724,0.00056,0.02907,7,016,715
0.38973,0.00826,0.00358,0.04266,0.01805,0.03238,0.00256,0.42197,0.01785,0.06295,7,017,716
0.05876,0.00692,0.04251,0.00767,0.06346,0.00717,0.00646,0.74579,0.003,0.05826,7,018,717
0.00024,0.00012,0.00023,6e-05,0.00022,0.00026,6e-05,0.99765,0.00054,0.00063,7,019,718
0.12939,0.00751,0.00498,0.01438,0.00767,0.01469,0.00205,0.50435,0.30271,0.01227,7,020,719
0.00659,0.00671,0.00124,0.00071,0.00148,0.00087,0.00291,0.00119,0.97725,0.00104,8,011,810
0.00067,0.00145,0.01199,0.00051,0.00666,0.00141,0.00937,0.00119,0.96407,0.00268,8,012,811
0.00099,0.00041,0.82507,0.0008,0.00577,0.00167,0.00573,0.00248,0.15652,0.00058,8,013,812
0.0021,0.00455,0.44968,0.00159,0.01478,0.0067,0.00427,0.00624,0.50504,0.00505,8,014,813
3e-05,4e-05,0.00099,0.00014,5e-05,7e-05,0.00012,7e-05,0.99848,1e-05,8,015,814
0.00399,0.00109,0.08393,0.00524,0.01466,0.00082,0.0298,0.0147,0.84437,0.0014,8,016,815
0.01263,0.00868,0.41756,0.02431,0.06653,0.01404,0.15125,0.00471,0.2969,0.00339,8,017,816
0.00176,0.00402,0.82101,0.00177,0.02525,0.00179,0.00729,0.00132,0.13331,0.00247,8,018,817
0.00213,0.00053,0.09445,0.00485,0.002,0.00098,0.01309,0.00098,0.88039,0.0006,8,019,818
2e-05,0.0001,0.00234,1e-05,1e-05,1e-05,4e-05,0.0001,0.99733,4e-05,8,020,819
0.00065,0.00137,0.00125,0.0005,0.00544,0.0062,0.00034,0.00613,0.00068,0.97744,9,011,910
0.00818,0.00028,0.00254,0.00418,0.53736,0.00307,0.00241,0.0121,0.00174,0.42814,9,012,911
0.00171,0.00173,0.00175,0.00049,0.00441,0.00063,0.00018,0.03961,0.001,0.94847,9,013,912
0.00033,0.00593,0.00029,0.00039,0.00248,0.00212,0.00032,0.00215,0.00018,0.98583,9,014,913
0.00127,0.00194,0.00034,0.00025,0.00397,0.00054,0.00012,0.0747,0.00255,0.91432,9,015,914
0.00483,0.01115,0.00124,0.00227,0.00984,0.02667,0.00109,0.37297,0.00191,0.56804,9,016,915
0.03421,0.00855,0.08804,0.0302,0.07197,0.01897,0.01265,0.05982,0.00524,0.67035,9,017,916
0.02589,0.00289,0.00265,0.00484,0.00832,0.01461,0.00193,0.37072,0.00937,0.55878,9,018,917
0.00222,0.00152,0.00051,0.00227,0.0108,0.00214,0.00087,0.00645,0.00145,0.97178,9,019,918
0.00084,0.01209,0.00088,0.00101,0.00438,0.00178,0.00089,0.00354,0.00111,0.97347,9,020,919
0.49509,0.00831,0.0215,0.02438,0.01673,0.00357,0.00191,0.27513,0.08531,0.06807,0,021,20
0.97058,0.00219,0.00019,0.01114,0.00035,0.0123,0.0012,0.00073,0.00014,0.00119,0,022,21
0.51728,0.03925,0.00157,0.09934,0.00203,0.05663,0.00458,0.06199,0.20793,0.00939,0,023,22
0.86992,0.00944,0.00044,0.07208,0.00043,0.03765,0.0023,0.00401,0.0014,0.00235,0,024,23
0.77584,0.16416,0.00249,0.01138,0.0008,0.0386,0.00079,0.00246,0.00062,0.00285,0,025,24
0.89562,0.01495,0.00317,0.02082,0.00315,0.01204,0.00707,0.01107,0.0055,0.02662,0,026,25
0.82906,0.00096,0.00086,0.10286,0.00148,0.05707,0.00371,0.00079,0.00021,0.00302,0,027,26
0.69566,0.03104,0.00099,0.17087,0.00156,0.02587,0.00061,0.05201,0.01059,0.01081,0,028,27
0.43877,0.30678,0.00362,0.12206,0.00314,0.0829,0.0056,0.01117,0.00307,0.02289,0,029,28
0.95603,0.0086,0.00126,0.01143,0.00162,0.00549,0.00448,0.00306,0.00067,0.00736,0,030,29
0.0409,0.74395,0.07771,0.01,0.01511,0.03526,0.01741,0.02084,0.0107,0.02812,1,021,120
0.00084,0.97751,0.00103,0.00047,0.00078,0.00871,0.00221,0.00359,0.00085,0.00399,1,022,121
0.00137,0.96533,0.00482,0.00222,0.00225,0.01344,0.00518,0.00233,0.0018,0.00125,1,023,122
0.00083,0.97693,0.00225,0.00029,0.00392,0.00756,0.00323,0.001,0.00223,0.00176,1,024,123
0.0,0.99777,0.00012,5e-05,5e-05,0.00161,0.00013,0.00013,7e-05,8e-05,1,025,124
0.03434,0.86894,0.00055,0.00847,0.00024,0.08532,0.00058,0.00058,0.0003,0.00067,1,026,125
0.20004,0.58963,0.00432,0.01873,0.00189,0.16432,0.01229,0.00291,0.00412,0.00176,1,027,126
0.00134,0.96933,0.00032,0.0004,0.00023,0.02182,0.00207,0.00167,0.00018,0.00265,1,028,127
0.00569,0.94185,0.00084,0.00454,0.00063,0.04153,0.00074,0.00074,0.00019,0.00323,1,029,128
0.00823,0.04677,0.18068,0.01385,0.00615,0.15792,0.573,0.00482,0.00575,0.00284,1,030,129
0.00976,0.01339,0.74096,0.01237,0.05732,0.0338,0.06859,0.01701,0.02098,0.02583,2,021,220
0.00135,0.00038,0.13839,0.00413,0.80231,0.00202,0.0316,0.00244,0.00807,0.00933,2,022,221
0.00018,8e-05,0.97608,0.00016,0.00031,0.00016,0.00025,0.00063,0.0221,6e-05,2,023,222
0.00915,0.0247,0.80663,0.01004,0.05509,0.02232,0.0363,0.01619,0.01368,0.00588,2,024,223
0.01085,0.00945,0.10973,0.02488,0.23263,0.15443,0.23119,0.09181,0.02325,0.11178,2,025,224
0.00052,0.00019,0.98241,0.00199,0.00359,0.00094,0.00285,0.00206,0.00523,0.00022,2,026,225
0.00033,0.0001,0.91449,0.00043,0.02113,0.00057,0.00224,0.0026,0.05753,0.0006,2,027,226
0.03386,0.02574,0.0169,0.04134,0.09134,0.06104,0.03514,0.55311,0.04194,0.09958,2,028,227
0.07585,0.14384,0.10068,0.02613,0.05886,0.18196,0.07594,0.08234,0.01613,0.23828,2,029,228
0.00055,0.0028,0.97628,0.00063,0.00221,0.00173,0.00455,0.00137,0.0092,0.00067,2,030,229
0.02422,0.00023,0.00074,0.96111,0.00162,0.00559,0.00331,0.00064,0.00047,0.00205,3,021,320
0.04292,0.00474,0.01253,0.28859,0.41316,0.01603,0.03748,0.0683,0.00573,0.11052,3,022,321
0.18869,0.00065,0.00045,0.74235,0.02371,0.00134,0.00099,0.01042,0.00048,0.03093,3,023,322
0.26753,0.00298,0.02917,0.5262,0.04808,0.02174,0.0244,0.00967,0.05016,0.0201,3,024,323
0.00853,0.00022,0.00051,0.89237,0.01257,0.01203,0.00996,0.05595,0.00189,0.00597,3,025,324
0.00776,0.00247,0.00138,0.5075,0.02926,0.24573,0.02162,0.05544,0.00234,0.1265,3,026,325
0.06592,0.00013,0.00034,0.92705,0.00088,0.00136,0.00165,0.0014,0.0005,0.00076,3,027,326
0.0693,0.07063,0.15602,0.22319,0.07606,0.08263,0.10869,0.09507,0.04008,0.07833,3,028,327
0.09082,0.00371,0.00026,0.88498,0.0005,0.0096,0.00053,0.0011,0.00033,0.00818,3,029,328
0.00179,0.00038,0.00094,0.99061,0.00168,0.00168,0.00083,0.00075,0.00017,0.00117,3,030,329
0.00471,0.00151,0.08732,0.00917,0.42405,0.01448,0.41406,0.0073,0.03005,0.00736,4,021,420
0.00264,0.00139,0.18644,0.01071,0.58039,0.02065,0.16301,0.00276,0.00842,0.0236,4,022,421
0.02709,0.00223,0.1035,0.01013,0.64629,0.05311,0.11342,0.00686,0.02574,0.01161,4,023,422
0.01173,0.00307,0.22802,0.02262,0.50559,0.01213,0.08383,0.0221,0.01121,0.0997,4,024,423
0.00221,0.00151,0.0077,0.00355,0.38522,0.00097,0.00401,0.01561,0.00508,0.57413,4,025,424
0.05583,0.04428,0.04305,0.04491,0.38208,0.07696,0.08075,0.02773,0.01284,0.23156,4,026,425
0.00591,0.00271,0.01977,0.08961,0.65292,0.04335,0.04829,0.02037,0.00796,0.10911,4,027,426
0.07788,0.01258,0.00961,0.08143,0.21803,0.05804,0.06015,0.046,0.22891,0.20736,4,028,427
0.00933,0.00087,0.00255,0.01308,0.67395,0.00532,0.23925,0.01486,0.00322,0.03756,4,029,428
0.00332,0.00021,0.00827,0.02103,0.94279,0.00187,0.01248,0.00182,0.00344,0.00477,4,030,429
0.04102,0.00463,0.00556,0.05794,0.00997,0.74205,0.10669,0.01426,0.00341,0.01448,5,021,520
0.00716,0.00261,0.00031,0.00934,0.00167,0.94043,0.00251,0.02065,0.00057,0.01474,5,022,521
0.00054,7e-05,9e-05,0.00083,9e-05,0.99679,0.00124,0.00017,2e-05,0.00016,5,023,522
0.00512,6e-05,0.00012,0.00217,0.00025,0.9899,0.00145,0.0002,0.00025,0.00047,5,024,523
0.10308,0.00318,0.00752,0.16115,0.03752,0.33984,0.03075,0.26104,0.00755,0.04838,5,025,524
0.0041,0.00244,0.00019,0.00596,0.00013,0.98541,0.00151,8e-05,6e-05,0.00013,5,026,525
0.00051,0.00018,8e-05,0.0034,0.0001,0.98941,0.00575,0.00035,0.0001,0.00012,5,027,526
0.00088,0.00022,0.00013,0.00041,6e-05,0.99517,0.00292,3e-05,0.00012,6e-05,5,028,527
0.04265,0.00028,0.00045,0.2835,0.00087,0.65908,0.00212,0.00165,0.00027,0.00913,5,029,528
0.01598,0.00375,0.00927,0.00619,0.0231,0.82684,0.02524,0.01145,0.01028,0.0679,5,030,529
0.01855,0.00365,0.00251,0.01548,0.00784,0.88285,0.03535,0.00633,0.0017,0.02574,6,021,620
0.05449,0.00112,0.01235,0.07021,0.01373,0.00533,0.7907,0.01532,0.00339,0.03336,6,022,621
0.00069,0.00012,0.75733,0.00039,0.00265,0.00278,0.00779,0.00053,0.22764,9e-05,6,023,622
0.00214,0.00053,0.00403,0.0034,0.01231,0.00701,0.95631,0.00969,0.00219,0.00239,6,024,623
0.00111,0.00077,0.00736,0.00263,0.39531,0.00553,0.55817,0.01241,0.00642,0.01032,6,025,624
0.0007,0.00016,0.04448,0.00301,0.89937,0.0008,0.03474,0.00317,0.01198,0.00158,6,026,625
0.00058,0.00034,0.00101,0.00101,0.08327,0.00323,0.90629,0.00224,0.00075,0.00128,6,027,626
0.00766,0.00182,0.00391,0.00208,0.01542,0.00955,0.95564,0.00024,0.00273,0.00097,6,028,627
5e-05,2e-05,8e-05,3e-05,0.00025,0.00026,0.99883,0.00033,4e-05,0.00011,6,029,628
0.16816,0.0147,0.08866,0.0373,0.08284,0.05418,0.35362,0.0254,0.06191,0.11321,6,030,629
0.00211,0.00869,0.00071,0.00179,0.00255,0.00464,0.00039,0.91484,0.00146,0.06281,7,021,720
0.00459,0.00852,0.86194,0.00424,0.00466,0.00291,0.01749,0.0702,0.02443,0.00102,7,022,721
0.00017,0.0003,0.00019,0.00018,0.00022,0.00025,0.00011,0.98696,0.002,0.00962,7,023,722
0.00207,0.03905,0.00293,0.00052,0.00204,0.01517,0.00325,0.90226,0.02157,0.01115,7,024,723
0.00964,0.01517,0.00306,0.00473,0.01447,0.01566,0.00614,0.84903,0.00546,0.07664,7,025,724
0.00432,0.00071,0.00099,0.00775,0.648,0.00374,0.00794,0.24965,0.00083,0.07606,7,026,725
0.0,0.0,0.0,0.0,0.0,0.0,0.0,0.99945,6e-05,0.00049,7,027,726
0.00141,0.005,0.00081,0.00108,0.00797,0.00384,0.00142,0.41516,0.03847,0.52484,7,028,727
0.00927,0.02192,0.00222,0.02783,0.0209,0.05149,0.00415,0.72264,0.00261,0.13696,7,029,728
0.00095,0.01792,0.00012,0.00012,0.00029,0.00089,0.00015,0.96933,0.00514,0.00508,7,030,729
0.00012,0.00013,0.00961,9e-05,6e-05,0.00026,0.00061,0.00022,0.98878,0.00011,8,021,820
0.00018,6e-05,0.00274,0.0009,0.00045,0.00028,0.0003,0.00036,0.99448,0.00025,8,022,821
0.00148,0.00038,0.13343,0.00036,0.00103,0.00147,0.00384,0.0009,0.85667,0.00045,8,023,822
0.00016,0.0004,0.02498,0.00041,0.00093,0.00018,0.00032,0.0003,0.97224,9e-05,8,024,823
0.00038,0.00029,0.00948,0.00101,0.01599,0.00046,0.00084,0.00613,0.96418,0.00123,8,025,824
6e-05,5e-05,0.00078,9e-05,5e-05,0.00015,0.00015,9e-05,0.99852,6e-05,8,026,825
0.0003,8e-05,0.00181,8e-05,0.00045,0.00012,0.00037,0.00043,0.99631,6e-05,8,027,826
0.01651,0.00354,0.40202,0.01288,0.00556,0.02767,0.00891,0.00926,0.50877,0.00488,8,028,827
0.00122,0.0007,0.4012,0.00493,0.00622,0.00135,0.00518,0.00286,0.57377,0.00256,8,029,828
0.00087,0.00058,0.23038,0.00308,0.00876,0.00436,0.00442,0.00268,0.74317,0.00171,8,030,829
0.00056,0.00046,0.0003,0.00043,0.00212,0.00051,0.00025,0.00278,0.00222,0.99038,9,021,920
0.00377,0.00184,0.00175,0.00089,0.00759,0.00451,0.00241,0.00513,0.00858,0.96353,9,022,921
0.00032,0.00168,0.00014,0.0003,0.00051,0.00065,0.00011,0.02924,0.00096,0.96608,9,023,922
0.01152,0.00467,0.00348,0.10077,0.00913,0.06863,0.00453,0.04594,0.00125,0.75008,9,024,923
0.00013,6e-05,9e-05,0.00105,0.00922,0.00017,9e-05,0.12621,4e-05,0.86293,9,025,924
6e-05,5e-05,4e-05,4e-05,0.00013,4e-05,3e-05,0.00099,7e-05,0.99855,9,026,925
6e-05,0.00035,0.00011,0.0001,0.00055,9e-05,6e-05,0.00546,0.0006,0.99261,9,027,926
0.00028,0.00025,0.00381,0.00129,0.0766,0.00135,0.00123,0.01433,0.00472,0.89613,9,028,927
0.05443,0.01558,0.00154,0.00783,0.01353,0.00464,0.00349,0.50286,0.00808,0.38804,9,029,928
0.00074,0.00405,0.00037,0.00077,0.00092,0.00419,0.00042,0.00949,0.00038,0.97866,9,030,929
0.99771,0.00034,8e-05,0.00106,2e-05,0.00035,0.0002,7e-05,9e-05,9e-05,0,031,30
0.21132,0.3337,0.01323,0.0092,0.01896,0.0094,0.00617,0.16451,0.04954,0.18396,0,032,31
0.63961,0.00861,0.04797,0.06663,0.02583,0.05869,0.02785,0.00891,0.10403,0.01186,0,033,32
0.52068,0.15464,0.00354,0.23703,0.00686,0.02219,0.03697,0.00815,0.00269,0.00725,0,034,33
0.85931,0.01512,0.00423,0.05981,0.00654,0.01934,0.02124,0.00762,0.00117,0.00561,0,035,34
0.68244,0.0015,0.00018,0.2827,0.00057,0.02673,0.00081,0.00298,0.00015,0.00193,0,036,35
0.99737,0.00028,0.0,0.00095,0.0,0.00133,3e-05,1e-05,0.0,2e-05,0,037,36
0.8073,0.00629,0.00274,0.01044,0.00112,0.01586,0.00073,0.12502,0.0067,0.02378,0,038,37
0.43591,0.08151,0.00584,0.06214,0.00409,0.37917,0.01347,0.00424,0.00282,0.01082,0,039,38
0.77106,0.02517,0.01578,0.06995,0.01007,0.0693,0.00226,0.00438,0.02592,0.00612,0,040,39
0.07808,0.52089,0.09328,0.01603,0.03942,0.09494,0.08389,0.01774,0.02294,0.03277,1,031,130
0.00274,0.22447,0.02877,0.00102,0.0013,0.7134,0.01483,0.00212,0.00648,0.00486,1,032,131
0.00153,0.98309,0.0022,0.00087,0.00076,0.00174,0.00056,0.00333,0.00304,0.00288,1,033,132
0.00352,0.97187,0.00162,0.0024,0.0012,0.00634,0.00178,0.00281,0.00716,0.00131,1,034,133
4e-05,0.99037,0.00029,7e-05,2e-05,0.00893,8e-05,5e-05,0.00011,3e-05,1,035,134
0.00017,0.99106,0.00041,0.0001,6e-05,0.00707,0.00063,0.00026,7e-05,0.00017,1,036,135
0.0,0.99779,9e-05,0.00011,4e-05,0.00077,0.00014,0.00063,0.00022,0.00022,1,037,136
0.00023,0.99299,0.00011,4e-05,0.00013,0.00376,0.0006,0.00023,7e-05,0.00184,1,038,137
0.00065,0.95657,0.00198,0.00022,0.00037,0.03078,0.00166,0.00365,0.00313,0.00099,1,039,138
0.00024,0.91276,0.00258,0.00034,0.00044,0.07971,0.00124,0.00059,0.00017,0.00193,1,040,139
0.05955,0.00102,0.60391,0.02018,0.13263,0.0256,0.01457,0.05749,0.05914,0.0259,2,031,230
0.00565,0.00095,0.77714,0.00931,0.10639,0.01301,0.05302,0.00229,0.02812,0.00411,2,032,231
0.00362,0.47863,0.23294,0.00518,0.02026,0.061,0.15269,0.00226,0.03507,0.00835,2,033,232
0.00578,0.00189,0.61812,0.00943,0.03216,0.01059,0.30998,0.003,0.0063,0.00273,2,034,233
0.00077,0.00038,0.92162,0.00554,0.02434,0.00158,0.02865,0.00421,0.00646,0.00646,2,035,234
0.00045,0.0002,0.01474,0.00137,0.00381,0.00063,0.97718,0.00073,0.00051,0.00038,2,036,235
0.01018,0.01598,0.43432,0.00807,0.02268,0.27229,0.21248,0.00448,0.01354,0.00597,2,037,236
0.00173,0.00083,0.8106,0.00189,0.1239,0.00666,0.03455,0.00205,0.0117,0.00609,2,038,237
0.00077,0.00055,0.96121,0.00074,0.00584,0.00057,0.00687,0.01461,0.00711,0.00173,2,039,238
0.00113,0.00093,0.31145,0.00176,0.02348,0.00212,0.65014,0.00535,0.00174,0.0019,2,040,239
0.01712,0.00054,0.003,0.93556,0.00536,0.0032,0.00378,0.02278,0.00286,0.00581,3,031,330
0.01427,0.00031,0.00024,0.96807,0.00542,0.00262,0.00115,0.00162,0.00073,0.00557,3,032,331
0.01952,0.00034,0.00031,0.96543,0.00141,0.00893,0.00103,0.00159,0.00016,0.00128,3,033,332
0.00087,0.00011,3e-05,0.99746,0.00014,0.0006,0.0001,0.00013,5e-05,0.0005,3,034,333
0.03498,0.00012,0.00012,0.963,0.00032,0.00073,0.00023,0.00032,4e-05,0.00014,3,035,334
0.01737,0.00153,5e-05,0.97663,0.00024,0.00246,4e-05,0.00038,0.00014,0.00117,3,036,335
0.00253,0.00032,9e-05,0.99228,7e-05,0.00341,0.00013,0.00038,8e-05,0.00073,3,037,336
0.01528,0.028,0.09286,0.39515,0.08093,0.12153,0.04995,0.01759,0.00996,0.18875,3,038,337
0.01021,0.00026,0.00017,0.98647,0.00046,0.00042,9e-05,0.00063,0.00028,0.00102,3,039,338
0.15571,0.00048,4e-05,0.83853,0.0001,0.00424,0.00024,0.00011,2e-05,0.00053,3,040,339
0.01897,0.00155,0.00681,0.30002,0.46599,0.00888,0.09271,0.00121,0.004,0.09985,4,031,430
0.01118,0.00132,0.01436,0.04714,0.76243,0.03607,0.01446,0.0088,0.00217,0.10209,4,032,431
0.05007,0.00541,0.08632,0.04277,0.38489,0.03847,0.16407,0.06207,0.04248,0.12346,4,033,432
0.00662,0.00113,0.00396,0.0063,0.69359,0.00183,0.01052,0.02892,0.004,0.24312,4,034,433
0.00764,0.00259,0.01665,0.04366,0.76884,0.01278,0.05258,0.00317,0.00609,0.08599,4,035,434
0.00438,0.00273,0.03793,0.00645,0.56959,0.01036,0.25557,0.01692,0.02057,0.0755,4,036,435
0.01725,0.00497,0.00444,0.11955,0.10694,0.18271,0.48291,0.00275,0.00236,0.07611,4,037,436
0.00282,0.00035,0.00555,0.00205,0.43064,0.00106,0.01694,0.40084,0.00224,0.13751,4,038,437
0.00265,0.00719,0.01441,0.00186,0.86015,0.00203,0.01053,0.05318,0.01661,0.03139,4,039,438
0.00495,0.00376,0.00151,0.00643,0.04087,0.00201,0.00052,0.01161,0.00093,0.9274,4,040,439
0.03285,0.00182,0.00759,0.06905,0.00655,0.80355,0.01886,0.00582,0.00219,0.05172,5,031,530
0.06714,0.00152,0.00376,0.45801,0.01361,0.30623,0.04978,0.07917,0.00841,0.01236,5,032,531
0.06224,0.00701,0.00775,0.04274,0.01558,0.76512,0.01858,0.06911,0.00514,0.00673,5,033,532
0.00741,0.00226,0.00461,0.01602,0.001,0.91963,0.04155,0.00177,0.00055,0.00519,5,034,533
0.01361,0.0075,0.01046,0.0104,0.09553,0.03392,0.78324,0.02105,0.00628,0.01802,5,035,534
0.00175,0.00045,0.00147,0.03071,0.002,0.94293,0.01857,0.00034,0.00033,0.00146,5,036,535
0.27521,0.64712,0.01174,0.01134,0.00125,0.02826,0.01346,0.00363,0.0015,0.00647,5,037,536
0.01006,0.01811,0.00699,0.01511,0.00989,0.6906,0.04605,0.00964,0.00124,0.1923,5,038,537
0.10915,0.02333,0.00823,0.05618,0.04606,0.35339,0.04386,0.00718,0.0041,0.34852,5,039,538
0.02836,0.00213,0.0007,0.03666,0.00081,0.92143,0.00682,0.00082,0.0004,0.00186,5,040,539
0.00393,0.0015,0.02479,0.00242,0.07119,0.00255,0.879,0.00486,0.0033,0.00647,6,031,630
0.00402,0.08828,0.02873,0.02086,0.23295,0.06227,0.5195,0.00728,0.0079,0.02821,6,032,631
0.01308,0.00289,0.0286,0.0124,0.41146,0.02904,0.45507,0.01947,0.00709,0.02089,6,033,632
0.00118,0.00205,0.05589,0.0046,0.0389,0.00586,0.88454,0.00236,0.00232,0.00229,6,034,633
0.00677,0.00399,0.01541,0.01801,0.03776,0.05651,0.83354,0.00971,0.00612,0.01218,6,035,634
0.17569,0.13168,0.02039,0.07222,0.02297,0.41544,0.13069,0.00462,0.01087,0.01544,6,036,635
0.11026,0.00819,0.03774,0.07177,0.02849,0.31848,0.28613,0.01993,0.09103,0.02798,6,037,636
0.00074,0.00016,0.00191,0.00065,0.08218,0.00346,0.90656,0.0023,0.0013,0.00074,6,038,637
0.00384,0.00939,0.00221,0.00116,0.0038,0.0047,0.96638,0.00525,0.00163,0.00164,6,039,638
0.00382,0.00093,0.03625,0.00499,0.00874,0.00923,0.93111,0.00143,0.00236,0.00116,6,040,639
0.00552,0.00133,0.00072,0.00035,0.00023,0.00185,0.00029,0.97446,0.00229,0.01296,7,031,730
3e-05,2e-05,0.0002,6e-05,7e-05,3e-05,3e-05,0.99844,0.00067,0.00046,7,032,731
0.00022,0.00052,0.00019,2e-05,0.0001,0.0001,3e-05,0.99634,0.00139,0.00108,7,033,732
0.0015,0.0054,0.00047,0.00053,0.00071,0.00108,0.00015,0.55549,0.00144,0.43322,7,034,733
0.00039,0.00067,0.00016,5e-05,8e-05,0.00042,0.0001,0.99563,0.00096,0.00154,7,035,734
0.03606,0.00247,0.02093,0.19329,0.03442,0.00961,0.02253,0.6459,0.01749,0.01729,7,036,735
0.00364,0.00018,0.00537,0.00436,0.00737,0.00236,0.01419,0.94507,0.00218,0.01528,7,037,736
0.00265,0.00093,0.00055,0.00062,0.00057,0.0007,0.0001,0.94512,0.002,0.04676,7,038,737
0.00024,0.00027,0.00047,0.00014,0.00106,0.00065,0.00087,0.99119,0.00062,0.0045,7,039,738
0.00196,0.00132,0.00111,0.00066,0.00073,0.00128,0.00016,0.68952,0.00314,0.30013,7,040,739
5e-05,9e-05,0.00326,7e-05,0.00016,0.00016,0.00024,0.00023,0.9957,4e-05,8,031,830
0.0026,0.00053,0.08786,0.0055,0.01896,0.00942,0.00368,0.0204,0.84067,0.01037,8,032,831
7e-05,0.00021,0.00102,0.0002,0.0049,0.00035,0.00119,0.00036,0.99119,0.00051,8,033,832
0.02339,0.00216,0.1828,0.01496,0.03002,0.00982,0.02545,0.00909,0.69036,0.01195,8,034,833
0.00103,0.00023,0.01396,0.00243,0.05104,0.00082,0.00439,0.00426,0.92098,0.00086,8,035,834
8e-05,0.00017,0.0091,0.00018,0.00336,0.00049,0.00169,0.0008,0.98331,0.00081,8,036,835
0.00053,0.00041,0.90606,0.00076,0.00497,0.0012,0.00348,0.00253,0.07708,0.00298,8,037,836
0.00098,0.00138,0.01763,0.00345,0.0977,0.00356,0.05486,0.0013,0.81495,0.00419,8,038,837
0.00575,0.00292,0.0575,0.02817,0.09012,0.04088,0.51072,0.01344,0.22018,0.03031,8,039,838
2e-05,0.00013,0.00046,4e-05,0.00038,0.0001,0.00012,9e-05,0.99858,8e-05,8,040,839
0.00353,0.00157,0.00082,0.00164,0.00377,0.00128,0.001,0.01967,0.00275,0.96397,9,031,930
0.0022,0.00197,0.00886,0.00158,0.01262,0.01919,0.00169,0.10528,0.6138,0.23281,9,032,931
0.01575,0.15548,0.06165,0.05115,0.06619,0.07885,0.03643,0.05026,0.03908,0.44516,9,033,932
0.00358,0.03039,0.00284,0.00271,0.01286,0.01164,0.00432,0.00961,0.00127,0.92077,9,034,933
0.00867,0.00962,0.00184,0.00261,0.00651,0.00844,0.00156,0.03027,0.00184,0.92864,9,035,934
0.08979,0.07905,0.00201,0.00292,0.0029,0.02463,0.00275,0.50172,0.01485,0.27939,9,036,935
0.00015,0.00031,7e-05,0.00019,0.00099,0.00021,0.00011,0.01719,0.00013,0.98063,9,037,936
0.00387,0.00244,0.00047,0.00113,0.00309,0.00175,0.00052,0.04508,0.00718,0.93448,9,038,937
0.00603,0.00059,0.01677,0.01405,0.0331,0.01787,0.00869,0.01178,0.00125,0.88988,9,039,938
0.01067,0.00972,0.00264,0.00375,0.01386,0.03945,0.00627,0.01421,0.0231,0.87634,9,040,939
0.39216,0.01617,0.02872,0.10446,0.02656,0.11386,0.05007,0.02743,0.09047,0.1501,0,041,40
0.96262,0.00448,0.00086,0.00489,0.00016,0.01704,0.00042,0.00402,0.00317,0.00234,0,042,41
0.85834,0.01852,0.00045,0.01056,0.00054,0.10726,0.0018,0.00021,0.00027,0.00204,0,043,42
0.42282,0.03748,0.06969,0.10086,0.08393,0.08053,0.07794,0.02833,0.01842,0.08,0,044,43
0.98449,0.00094,6e-05,0.00482,0.0001,0.00632,0.00067,0.00035,0.00017,0.00208,0,045,44
0.56713,0.04563,0.01021,0.0132,0.03403,0.04187,0.04802,0.04343,0.17618,0.02032,0,046,45
0.5355,0.00924,0.01433,0.11607,0.06127,0.17231,0.02494,0.0045,0.00565,0.05618,0,047,46
0.82995,0.00279,0.00086,0.11612,0.00108,0.03864,0.00768,0.00074,0.00039,0.00176,0,048,47
0.79918,0.00345,0.00027,0.02153,0.00031,0.17177,0.00113,0.00033,0.00017,0.00186,0,049,48
0.95114,0.00259,0.00216,0.01078,0.0014,0.00204,0.00022,0.0043,0.00398,0.02138,0,050,49
8e-05,0.983,0.00058,6e-05,6e-05,0.01573,0.00035,4e-05,6e-05,3e-05,1,041,140
0.00163,0.80776,0.00261,0.00021,0.00039,0.17866,0.00542,0.00076,0.00151,0.00104,1,042,141
0.02926,0.84997,0.01433,0.00587,0.0135,0.02718,0.00926,0.0064,0.02541,0.01882,1,043,142
0.00169,0.9437,0.00148,0.00051,0.00064,0.03853,0.01078,0.00018,0.00022,0.00227,1,044,143
0.00106,0.86422,0.00757,0.00099,0.00273,0.08759,0.0305,0.00138,0.0015,0.00246,1,045,144
0.0862,0.47555,0.02394,0.01682,0.02533,0.30146,0.02958,0.01031,0.01138,0.01942,1,046,145
1e-05,0.99594,0.00011,4e-05,2e-05,0.00352,4e-05,0.00015,8e-05,9e-05,1,047,146
0.00144,0.98278,0.00056,0.0001,0.00026,0.00573,0.0003,0.00478,0.00038,0.00367,1,048,147
0.48301,0.2158,0.0077,0.07049,0.0148,0.13302,0.03972,0.00866,0.00695,0.01984,1,049,148
0.00345,0.90274,0.01292,0.00116,0.00075,0.06989,0.00244,0.00048,0.0037,0.00248,1,050,149
0.00909,0.00825,0.28991,0.01831,0.18656,0.01379,0.24706,0.00657,0.19785,0.02261,2,041,240
0.0115,0.00159,0.84965,0.02025,0.08373,0.00319,0.0112,0.00355,0.00533,0.01001,2,042,241
0.01206,0.00302,0.61655,0.01999,0.04391,0.01888,0.00614,0.13348,0.07132,0.07464,2,043,242
0.00032,0.00137,0.96261,0.00023,0.00154,0.00058,0.01016,0.00271,0.02013,0.00035,2,044,243
0.00061,0.00076,0.90615,0.00088,0.00923,0.00102,0.00729,0.00245,0.07054,0.00107,2,045,244
0.00904,0.02383,0.68898,0.00437,0.03619,0.01989,0.0231,0.16389,0.00925,0.02147,2,046,245
0.00395,0.00163,0.74483,0.00866,0.10987,0.01689,0.08415,0.02182,0.00243,0.00578,2,047,246
0.32125,0.04626,0.1642,0.01737,0.03336,0.08583,0.03103,0.06724,0.05105,0.18241,2,048,247
0.00073,0.00225,0.28453,0.00145,0.67841,0.00148,0.01131,0.00153,0.0087,0.0096,2,049,248
0.00035,0.00025,0.98779,0.00083,0.00154,0.0011,0.00175,0.00537,0.00074,0.00028,2,050,249
0.00099,0.00014,0.0001,0.99311,0.00233,0.00046,8e-05,0.00024,5e-05,0.0025,3,041,340
0.01385,8e-05,0.00082,0.88809,0.05593,0.00153,0.01976,0.01176,0.00032,0.00787,3,042,341
0.1051,0.12323,0.03883,0.23357,0.04001,0.0975,0.17049,0.01501,0.11966,0.0566,3,043,342
0.00596,0.00108,0.00719,0.73446,0.00871,0.004,0.00324,0.20751,0.00051,0.02734,3,044,343
0.2423,0.4628,0.01525,0.07114,0.00268,0.1201,0.01184,0.00883,0.00151,0.06356,3,045,344
0.00204,2e-05,3e-05,0.99777,3e-05,3e-05,1e-05,2e-05,2e-05,5e-05,3,046,345
0.08812,0.00498,0.01282,0.5041,0.01877,0.24524,0.01029,0.0293,0.00683,0.07956,3,047,346
0.02561,0.03429,0.11114,0.32872,0.21782,0.07237,0.03724,0.01443,0.03304,0.12532,3,048,347
0.88305,0.00153,0.00011,0.00768,0.00018,0.10064,0.00025,0.00234,0.00014,0.00408,3,049,348
0.27804,0.00426,0.04912,0.39314,0.05517,0.12999,0.05975,0.00486,0.00395,0.02172,3,050,349
0.0094,0.00578,0.0084,0.0183,0.76159,0.02838,0.09062,0.02651,0.00296,0.04807,4,041,440
0.01706,0.00838,0.02443,0.02969,0.69596,0.00384,0.00178,0.02919,0.00991,0.17975,4,042,441
0.01218,0.56111,0.03428,0.00415,0.03331,0.02343,0.01037,0.00909,0.02623,0.28585,4,043,442
0.01424,0.0328,0.18111,0.01355,0.04138,0.06736,0.34132,0.00316,0.26387,0.04121,4,044,443
0.01345,0.00235,0.05081,0.04321,0.66575,0.00873,0.17684,0.00571,0.01127,0.02186,4,045,444
0.02135,0.00145,0.00581,0.25738,0.5973,0.00746,0.00257,0.05549,0.00918,0.04202,4,046,445
0.02078,0.00321,0.02166,0.02497,0.77745,0.00525,0.01185,0.06281,0.04821,0.02382,4,047,446
0.00543,0.00414,0.02552,0.01648,0.44095,0.00291,0.45555,0.0104,0.00872,0.02991,4,048,447
0.05096,0.0064,0.09832,0.18379,0.25881,0.00916,0.01597,0.01989,0.01922,0.33749,4,049,448
0.00023,0.0001,0.0041,0.00089,0.95731,0.00059,0.01066,0.00721,0.00142,0.0175,4,050,449
0.19938,0.0063,0.06648,0.07521,0.14746,0.09479,0.05966,0.08248,0.02081,0.24743,5,041,540
0.05074,0.0034,0.02364,0.16015,0.05415,0.31284,0.34647,0.01015,0.01563,0.02283,5,042,541
0.00896,0.00317,0.01298,0.01524,0.0425,0.46184,0.42542,0.00791,0.00491,0.01709,5,043,542
0.00187,0.0027,0.00012,0.00056,8e-05,0.98885,0.00525,0.0001,4e-05,0.00042,5,044,543
0.04679,0.00064,0.00014,0.00361,0.00131,0.94236,0.00357,0.00039,7e-05,0.00112,5,045,544
0.00225,0.00406,0.01197,0.02187,0.01056,0.06094,0.00383,0.00251,0.00089,0.88113,5,046,545
0.02771,0.01652,0.0473,0.01966,0.1252,0.59173,0.06847,0.01804,0.01518,0.07019,5,047,546
0.0111,0.07867,0.00092,0.00221,0.00025,0.9041,0.00098,0.00043,0.0005,0.00084,5,048,547
0.08559,0.24067,0.07294,0.02916,0.08752,0.20524,0.07231,0.00813,0.01484,0.1836,5,049,548
0.10749,0.00605,0.00196,0.00926,0.00131,0.86352,0.00609,0.00075,0.00136,0.00221,5,050,549
0.00427,0.0163,0.24688,0.01744,0.1573,0.41435,0.06193,0.00396,0.01122,0.06635,6,041,640
0.19218,0.20747,0.01736,0.05623,0.01166,0.24794,0.16494,0.01583,0.07061,0.01579,6,042,641
0.00416,0.00132,0.04464,0.01112,0.68543,0.00595,0.18834,0.0126,0.02422,0.02222,6,043,642
0.0416,0.00377,0.02626,0.06913,0.27847,0.03011,0.45262,0.02074,0.01754,0.05975,6,044,643
6e-05,7e-05,0.00029,6e-05,0.00079,0.00028,0.99726,0.00079,0.00029,0.00012,6,045,644
0.17682,0.00623,0.15482,0.01595,0.0044,0.0269,0.22137,0.04068,0.34962,0.0032,6,046,645
0.00368,0.00183,0.01088,0.02683,0.0427,0.03457,0.7199,0.13074,0.00575,0.02312,6,047,646
0.01313,0.00222,0.00728,0.02313,0.00814,0.00574,0.93148,0.00312,0.00173,0.00405,6,048,647
0.00191,0.00131,0.02685,0.00392,0.0618,0.00559,0.89051,0.00197,0.00287,0.00328,6,049,648
0.1516,0.04534,0.07446,0.01232,0.23632,0.05839,0.32194,0.01634,0.03778,0.04551,6,050,649
0.02714,0.00076,9e-05,0.00476,0.00159,0.00218,0.00028,0.45432,9e-05,0.50879,7,041,740
0.0149,0.00113,0.00889,0.02645,0.25693,0.00599,0.04492,0.50627,0.0399,0.09462,7,042,741
0.01713,0.0006,0.00094,0.06181,0.00294,0.00114,0.00129,0.75456,0.00057,0.15902,7,043,742
0.0031,0.02511,0.02952,0.0084,0.08809,0.05749,0.01894,0.02826,0.03775,0.70334,7,044,743
0.02776,0.00234,0.01722,0.09927,0.14988,0.02886,0.01116,0.59468,0.01161,0.05722,7,045,744
0.00168,0.00244,0.00631,0.00086,0.67778,0.00078,0.01914,0.05164,0.0061,0.23327,7,046,745
0.00071,3e-05,0.00028,4e-05,0.00023,0.00032,0.00012,0.99815,3e-05,9e-05,7,047,746
0.00379,0.0007,0.00019,0.00121,0.00572,0.00115,0.00111,0.03245,0.00013,0.95354,7,048,747
0.00318,0.00072,0.00307,0.01586,0.01951,0.00458,0.00058,0.09494,0.00054,0.85703,7,049,748
0.00202,0.00097,0.00036,0.00068,0.00131,0.00214,0.00104,0.98211,0.00027,0.00911,7,050,749
0.00181,0.00036,0.114,0.00125,0.00853,0.00171,0.00524,0.00194,0.86395,0.00122,8,041,840
0.00094,0.00028,0.00182,0.00183,0.0022,0.00086,0.0004,0.00193,0.98638,0.00337,8,042,841
0.09392,0.00129,0.0222,0.00898,0.00209,0.00121,0.00267,0.02559,0.84065,0.00139,8,043,842
0.00655,0.00134,0.00065,0.00148,0.00581,0.00574,0.00072,0.04839,0.90589,0.02344,8,044,843
0.03267,0.0066,0.00147,0.00867,0.00241,0.00213,0.0016,0.00809,0.93429,0.00207,8,045,844
0.05804,0.00881,0.61766,0.00572,0.0458,0.0106,0.0156,0.00891,0.21935,0.0095,8,046,845
0.00133,0.00018,0.3326,0.00399,0.003,0.00332,0.00109,0.00671,0.64705,0.00072,8,047,846
0.00118,0.00067,0.00992,0.00103,0.00477,0.00096,0.001,0.00211,0.97248,0.00589,8,048,847
0.00042,0.00193,0.00136,0.00013,0.00038,9e-05,0.0001,0.0066,0.98832,0.00067,8,049,848
0.03729,0.00385,0.01279,0.01053,0.00999,0.01546,0.00971,0.0077,0.8757,0.01697,8,050,849
0.0011,0.0006,0.00153,0.00054,0.01731,0.00103,0.00071,0.04364,0.001,0.93254,9,041,940
0.00593,0.01071,0.0015,0.00424,0.00477,0.05101,0.00435,0.02747,0.00704,0.88298,9,042,941
0.03904,0.00223,0.01885,0.42225,0.01381,0.038,0.0121,0.00499,0.00093,0.44779,9,043,942
0.00048,0.00124,0.00018,0.00168,0.00256,0.00065,0.00013,0.00457,0.00212,0.9864,9,044,943
0.00066,0.00088,0.00134,0.00212,0.03586,0.0019,0.00049,0.00375,0.00075,0.95225,9,045,944
0.00013,0.00074,5e-05,8e-05,0.0007,0.00024,3e-05,0.00235,0.00018,0.9955,9,046,945
0.00547,0.00095,0.00269,0.00636,0.04972,0.00264,0.00173,0.13993,0.00761,0.78291,9,047,946
0.00438,0.00053,0.00015,0.00133,0.00078,0.00137,7e-05,0.00604,5e-05,0.9853,9,048,947
0.00078,0.00326,0.00014,0.0001,0.00055,0.00098,8e-05,0.09497,0.00017,0.89897,9,049,948
0.00045,0.00076,0.00033,0.00032,0.00118,0.00037,0.00011,0.00283,0.00155,0.99209,9,050,949
0.56783,0.00336,0.03105,0.03307,0.01,0.0715,0.20133,0.01028,0.04033,0.03126,0,001,50
0.44139,0.00572,0.00896,0.23261,0.02469,0.03838,0.10079,0.07382,0.00468,0.06896,0,002,51
0.6375,0.0034,0.01083,0.15484,0.00385,0.14283,0.03401,0.00252,0.00825,0.00197,0,003,52
0.44993,0.01035,0.09224,0.02965,0.0328,0.07334,0.16725,0.04166,0.02686,0.07592,0,004,53
0.23005,0.02934,0.04935,0.11082,0.04454,0.26194,0.04997,0.08117,0.06271,0.08009,0,005,54
0.76462,0.00388,0.00599,0.08292,0.00805,0.05986,0.05154,0.00673,0.00177,0.01463,0,006,55
0.73872,0.00033,0.00199,0.20072,0.00291,0.00572,0.00466,0.03798,0.0012,0.00576,0,007,56
0.50539,0.03554,0.02768,0.02324,0.04651,0.12018,0.06002,0.0185,0.01111,0.15184,0,008,57
0.29412,0.06156,0.04927,0.03269,0.05067,0.0263,0.03342,0.07802,0.01308,0.36086,0,009,58
0.51121,0.00108,0.00603,0.40564,0.00575,0.02698,0.02206,0.0018,0.00271,0.01674,0,010,59
0.16328,0.47513,0.01058,0.00491,0.01666,0.05147,0.01324,0.05878,0.01384,0.19211,1,051,150
0.00056,0.99567,0.00018,4e-05,0.00011,0.00147,0.00029,0.0004,0.00067,0.0006,1,052,151
0.00055,0.99429,0.00046,6e-05,0.00019,0.003,0.00023,0.00013,8e-05,0.001,1,053,152
0.35472,0.42603,0.00676,0.01637,0.00704,0.08347,0.01009,0.01558,0.00262,0.07732,1,054,153
0.11324,0.81241,0.03166,0.00329,0.00244,0.02156,0.00532,0.00382,0.00265,0.00362,1,055,154
0.21781,0.60429,0.00211,0.02153,0.00301,0.05319,0.003,0.02182,0.00301,0.07024,1,056,155
0.02156,0.94541,0.00335,0.00135,0.00221,0.01511,0.00344,0.00103,0.00306,0.00348,1,057,156
0.008,0.8607,0.00407,0.00237,0.0013,0.1005,0.01193,0.00133,0.0008,0.00901,1,058,157
1e-05,0.99645,8e-05,0.00014,2e-05,0.00288,0.00012,0.00016,0.0001,5e-05,1,059,158
0.04736,0.81787,0.02228,0.01309,0.00152,0.02984,0.00538,0.0574,0.00132,0.00395,1,060,159
0.00397,0.00759,0.60233,0.00751,0.24073,0.03669,0.02768,0.01036,0.04636,0.01678,2,001,250
0.00043,0.0006,0.94619,0.00141,0.00561,0.00107,0.01415,0.02218,0.00742,0.00094,2,002,251
0.0003,0.0005,0.89078,0.00074,0.00256,0.00094,0.02127,0.00116,0.08116,0.00059,2,003,252
0.01237,0.00343,0.81166,0.01576,0.03957,0.05599,0.02121,0.00279,0.03182,0.00539,2,004,253
0.09075,0.0631,0.48714,0.00975,0.0331,0.07209,0.05469,0.01678,0.11378,0.05882,2,005,254
0.00125,0.00085,0.87993,0.00624,0.02952,0.01297,0.0121,0.00202,0.05281,0.00231,2,006,255
0.00367,0.00188,0.92582,0.00454,0.01611,0.00275,0.00946,0.01763,0.01561,0.00252,2,007,256
0.00034,0.00024,0.96109,0.00056,0.00113,0.00122,0.03047,0.00332,0.00113,0.00051,2,008,257
0.17335,0.00355,0.43075,0.11095,0.03905,0.08921,0.07431,0.01969,0.03006,0.02909,2,009,258
0.00451,0.00197,0.33407,0.00723,0.19203,0.00903,0.33037,0.0033,0.11313,0.00436,2,010,259
0.04757,0.01647,0.0586,0.2566,0.21625,0.09128,0.0616,0.08871,0.0149,0.14801,3,001,350
0.00333,5e-05,7e-05,0.99533,0.00019,0.00035,0.00032,0.00011,3e-05,0.00022,3,002,351
0.3002,0.00437,0.00168,0.21466,0.0251,0.08783,0.00206,0.07577,0.00106,0.28728,3,003,352
0.20074,0.00677,0.02478,0.44634,0.01319,0.04302,0.21022,0.02848,0.00869,0.01778,3,004,353
0.0172,0.00336,0.0088,0.49169,0.08177,0.01478,0.0126,0.01473,0.00323,0.35184,3,005,354
0.02228,0.0006,0.00013,0.96958,0.00015,0.00534,0.00019,0.00139,8e-05,0.00026,3,006,355
0.05635,0.00142,0.00154,0.90038,0.00243,0.02096,0.00771,0.00111,0.00087,0.00724,3,007,356
0.05569,0.00339,0.01948,0.22456,0.11654,0.22208,0.07354,0.24551,0.02128,0.01794,3,008,357
0.0523,0.00319,0.0528,0.53834,0.00582,0.01665,0.31611,0.0076,0.00407,0.00314,3,009,358
0.00746,0.00244,0.00811,0.78389,0.05176,0.06063,0.05232,0.00361,0.00632,0.02347,3,010,359
0.0005,0.00017,0.00807,0.00258,0.8594,0.00076,0.04373,0.00287,0.07896,0.00296,4,001,450
0.00292,0.00057,0.14661,0.00534,0.18423,0.02277,0.59148,0.0021,0.04149,0.00247,4,002,451
0.00113,0.0003,0.22876,0.00102,0.68949,0.0006,0.01866,0.00392,0.05413,0.00198,4,003,452
0.01658,0.00232,0.02684,0.02594,0.84562,0.01389,0.03271,0.00579,0.00219,0.02812,4,004,453
0.00421,0.00083,0.00742,0.00722,0.89925,0.00373,0.03106,0.00498,0.0055,0.03579,4,005,454
0.00081,0.00073,0.01329,0.00081,0.72762,0.00627,0.216,0.00708,0.01922,0.00818,4,006,455
0.00162,0.00414,0.9441,0.00059,0.00581,0.00158,0.02095,0.01138,0.0085,0.00133,4,007,456
0.00325,0.00182,0.01534,0.01828,0.84279,0.09038,0.01099,0.00328,0.00409,0.00979,4,008,457
0.00186,0.00049,0.01573,0.01709,0.74216,0.01348,0.1276,0.00391,0.00381,0.07386,4,009,458
0.00024,0.00022,0.03468,0.00053,0.86379,0.00064,0.05824,0.00211,0.03886,0.0007,4,010,459
0.01362,0.00287,0.00279,0.02642,0.01273,0.41132,0.52018,0.0008,0.00073,0.00855,5,001,550
0.01246,0.0726,0.00147,0.00182,0.00086,0.88373,0.02594,0.00034,0.00024,0.00055,5,002,551
0.25482,0.00253,0.00507,0.07118,0.01067,0.63643,0.00731,0.00223,0.00076,0.009,5,003,552
0.01483,0.00124,0.00415,0.00725,0.00477,0.89191,0.06525,0.00222,0.00497,0.00342,5,004,553
0.00792,0.01367,0.00211,0.00206,0.00015,0.92988,0.04354,0.00029,0.00026,0.00013,5,005,554
0.00234,0.00592,0.00129,0.01228,0.0052,0.93762,0.00197,0.00867,0.00015,0.02456,5,006,555
0.00993,0.05865,0.0093,0.00184,0.00123,0.89607,0.01487,0.00185,0.00105,0.0052,5,007,556
0.01243,0.12077,0.17443,0.15004,0.03383,0.10202,0.28387,0.0157,0.01021,0.0967,5,008,557
0.00641,0.02155,0.04346,0.02968,0.01953,0.63959,0.02865,0.01197,0.00109,0.19807,5,009,558
0.01414,0.00448,0.0066,0.1461,0.0586,0.67169,0.03183,0.01687,0.00242,0.04726,5,010,559
0.03324,0.01295,0.08297,0.01692,0.10205,0.32203,0.35367,0.02566,0.01639,0.03411,6,001,650
0.00039,0.00045,0.00396,0.00056,0.00284,0.00996,0.98021,0.00062,0.00037,0.00064,6,002,651
0.00703,0.00293,0.03121,0.00575,0.13716,0.03832,0.73457,0.00782,0.02506,0.01014,6,003,652
0.05547,0.01541,0.04432,0.01315,0.02338,0.11748,0.14419,0.50793,0.00884,0.06983,6,004,653
0.07595,0.43721,0.08272,0.0056,0.0066,0.14403,0.17999,0.01114,0.0422,0.01456,6,005,654
0.00291,0.00126,0.077,0.01508,0.52244,0.19761,0.14618,0.00402,0.00573,0.02776,6,006,655
0.01637,0.00239,0.02673,0.00657,0.01513,0.01178,0.83615,0.0742,0.00179,0.00888,6,007,656
0.34857,0.005,0.08604,0.03585,0.00413,0.03848,0.44464,0.01416,0.00751,0.01564,6,008,657
0.01053,0.00226,0.24415,0.00409,0.5553,0.00562,0.07931,0.01265,0.06989,0.01619,6,009,658
0.00696,0.00509,0.2086,0.00516,0.04944,0.04379,0.6466,0.00798,0.01488,0.0115,6,010,659
0.00061,9e-05,0.00013,3e-05,0.00031,0.00037,0.00015,0.99699,3e-05,0.0013,7,001,750
0.07072,0.02166,0.11499,0.16396,0.21591,0.1009,0.08124,0.06984,0.02729,0.13349,7,002,751
0.00122,0.00142,0.00469,0.00075,0.00319,0.00286,0.00231,0.96536,0.00488,0.01332,7,003,752
0.01408,0.01534,0.0244,0.01032,0.0503,0.02032,0.02431,0.65793,0.0405,0.14251,7,004,753
0.00889,0.05911,0.01771,0.00776,0.03376,0.03478,0.19752,0.58912,0.02305,0.02831,7,005,754
0.00759,0.00083,0.01192,0.00764,0.01483,0.00264,0.00494,0.91911,0.00293,0.02757,7,006,755
0.00306,0.00102,0.00332,0.00448,0.02244,0.01577,0.0026,0.90536,0.00233,0.03963,7,007,756
0.00476,0.02459,0.82453,0.01279,0.01342,0.00326,0.01377,0.08192,0.00705,0.01391,7,008,757
0.04181,0.00201,0.00904,0.03689,0.03258,0.02619,0.00629,0.61958,0.00345,0.22218,7,009,758
0.00163,0.00154,0.00331,0.00105,0.00493,0.00231,0.00228,0.95164,0.00057,0.03073,7,010,759
0.03692,0.01478,0.40619,0.03774,0.05028,0.04199,0.04408,0.04,0.29836,0.02968,8,001,850
0.00011,0.00012,0.00016,4e-05,4e-05,5e-05,7e-05,9e-05,0.99921,0.0001,8,002,851
0.00102,0.0014,0.00164,0.00019,0.00083,0.00036,0.00069,0.00065,0.99268,0.00054,8,003,852
0.16583,0.13964,0.19266,0.05574,0.00404,0.08105,0.03025,0.11612,0.20186,0.01282,8,004,853
6e-05,0.00014,0.00326,0.00011,0.00019,6e-05,5e-05,0.00021,0.99579,0.00014,8,005,854
0.0002,9e-05,0.00441,0.00013,0.00123,0.00011,0.00033,0.00077,0.99242,0.0003,8,006,855
0.0863,0.00931,0.07418,0.00397,0.02559,0.04414,0.11046,0.12811,0.46488,0.05305,8,007,856
0.0813,0.04046,0.44659,0.013,0.01517,0.07098,0.01837,0.14296,0.14111,0.03006,8,008,857
0.00046,0.00096,0.04706,0.00053,0.00648,0.00163,0.01512,0.00128,0.92576,0.00073,8,009,858
0.03461,0.17265,0.14019,0.00556,0.01298,0.17118,0.03739,0.03113,0.37833,0.01596,8,010,859
0.06876,0.02393,0.04027,0.03739,0.32156,0.22697,0.15103,0.01281,0.00679,0.11049,9,001,950
0.01139,0.00575,0.03265,0.01299,0.44396,0.11308,0.08223,0.1054,0.00554,0.18701,9,002,951
0.00482,0.00187,0.00275,0.01038,0.19412,0.01496,0.00804,0.03856,0.00253,0.72198,9,003,952
0.00377,0.00079,0.01845,0.01649,0.0604,0.0063,0.00364,0.06264,0.00156,0.82595,9,004,953
0.00679,0.00199,0.01473,0.03198,0.33753,0.01225,0.02003,0.06168,0.02537,0.48765,9,005,954
0.02428,0.00416,0.05961,0.0081,0.00858,0.04583,0.80271,0.01402,0.00425,0.02847,9,006,955
0.00072,0.0019,0.00037,0.00029,0.0042,0.00096,0.00014,0.00485,0.0007,0.98585,9,007,956
0.00433,0.01173,0.00576,0.04133,0.01218,0.83084,0.01088,0.00774,0.00085,0.07435,9,008,957
0.01538,0.00965,0.08022,0.07793,0.40696,0.02442,0.00753,0.01004,0.00243,0.36543,9,009,958
0.01515,0.0028,0.00808,0.00846,0.06147,0.00621,0.00615,0.18363,0.00202,0.70603,9,010,959
0.18246,0.12131,0.00915,0.07176,0.01149,0.38384,0.02457,0.16427,0.00599,0.02516,0,011,60
0.62693,0.00464,0.00156,0.32816,0.00276,0.01347,0.00107,0.0015,0.00018,0.01973,0,012,61
0.95261,0.00117,0.00011,0.0233,9e-05,0.02146,0.00081,0.00023,0.00014,8e-05,0,013,62
0.07587,0.00666,0.17231,0.01974,0.0697,0.27899,0.12446,0.11825,0.07517,0.05886,0,014,63
0.76407,0.00493,0.03225,0.07206,0.00159,0.0437,0.07374,0.00375,0.00175,0.00216,0,015,64
0.09991,0.00184,0.00766,0.60827,0.0287,0.13395,0.05299,0.012,0.00138,0.0533,0,016,65
0.6895,0.00404,0.08962,0.05988,0.02026,0.04378,0.06134,0.01219,0.00259,0.0168,0,017,66
0.11382,0.02607,0.03088,0.12044,0.00192,0.50599,0.18999,0.00502,0.00468,0.0012,0,018,67
0.78281,0.00247,0.00289,0.0494,0.00684,0.12741,0.00766,0.01017,0.00064,0.00971,0,019,68
0.01689,0.00052,0.0207,0.21917,0.62638,0.01615,0.02912,0.026,0.00436,0.0407,0,020,69
0.00895,0.95028,0.00367,0.00157,0.00175,0.01987,0.00465,0.00099,0.00373,0.00454,1,061,160
0.0573,0.62251,0.03047,0.02598,0.05609,0.12122,0.01487,0.01065,0.00823,0.05267,1,062,161
0.05536,0.83502,0.00127,0.02673,0.00091,0.06269,0.00119,0.01433,0.00048,0.00203,1,063,162
0.00049,0.99573,2e-05,2e-05,1e-05,0.00345,1e-05,0.00017,1e-05,8e-05,1,064,163
0.0,0.99788,0.0002,3e-05,0.00011,0.00112,0.00045,5e-05,5e-05,0.00011,1,065,164
0.00036,0.98384,0.00105,5e-05,0.00056,0.0108,0.00044,0.00119,0.00022,0.00149,1,066,165
0.00422,0.85978,0.03942,0.00673,0.02039,0.02468,0.02082,0.00395,0.00485,0.01516,1,067,166
0.00023,0.99367,0.00082,0.00013,0.00025,0.00356,0.00032,0.00033,0.00029,0.0004,1,068,167
0.00124,0.97436,0.00343,0.00036,0.00217,0.00613,0.00219,0.00269,0.00116,0.00628,1,069,168
0.17952,0.32611,0.01102,0.00361,0.01712,0.01568,0.01357,0.23057,0.12114,0.08165,1,070,169
0.023,0.01043,0.6517,0.05271,0.02131,0.07103,0.07572,0.01109,0.05994,0.02308,2,011,260
0.00463,0.01194,0.22893,0.00098,0.00263,0.00492,0.05009,0.66581,0.02715,0.00293,2,012,261
0.00346,0.00135,0.30274,0.00505,0.04577,0.00512,0.04002,0.03118,0.55862,0.00669,2,013,262
0.01618,0.00189,0.35006,0.00571,0.01689,0.01096,0.03242,0.12428,0.43692,0.00467,2,014,263
0.00696,0.00057,0.36308,0.04342,0.49828,0.00431,0.01778,0.03368,0.01116,0.02077,2,015,264
0.00146,0.00263,0.26656,0.00172,0.15915,0.00253,0.01786,0.36727,0.16747,0.01334,2,016,265
0.00088,0.00012,0.1422,0.00052,0.00097,0.00188,0.00763,0.00047,0.84523,0.0001,2,017,266
0.00838,0.01609,0.30078,0.01003,0.14706,0.01935,0.36565,0.01305,0.02148,0.09811,2,018,267
0.04182,0.00872,0.70619,0.03088,0.0159,0.02563,0.02769,0.0432,0.09769,0.00229,2,019,268
0.00046,0.00039,0.72726,0.00224,0.01691,0.00091,0.01097,0.00419,0.23392,0.00274,2,020,269
0.01341,0.00054,0.00167,0.76881,0.03971,0.00959,0.00579,0.00885,0.00409,0.14754,3,011,360
0.00771,0.00079,0.00033,0.96313,0.00065,0.02515,0.0004,0.00076,0.00024,0.00084,3,012,361
0.17508,0.00726,0.00595,0.43082,0.04255,0.07795,0.03906,0.13051,0.00859,0.08224,3,013,362
0.17865,0.00365,0.0034,0.46233,0.00441,0.2856,0.04533,0.00457,0.00364,0.00843,3,014,363
0.05032,0.00104,0.00718,0.83376,0.03929,0.01413,0.01957,0.00387,0.00209,0.02875,3,015,364
0.00643,0.00068,0.01296,0.94907,0.00969,0.00344,0.01102,0.00148,0.00199,0.00325,3,016,365
0.00834,7e-05,8e-05,0.98229,0.0008,0.00607,0.0012,0.00019,0.00025,0.0007,3,017,366
0.00368,0.0049,0.01359,0.40567,0.25552,0.06358,0.12298,0.00711,0.00247,0.12052,3,018,367
0.00935,0.00104,0.08289,0.7333,0.03109,0.01373,0.11232,0.00282,0.00667,0.0068,3,019,368
0.07133,0.00554,0.00557,0.08601,0.0126,0.66966,0.07343,0.00809,0.00149,0.06628,3,020,369
0.00072,0.00055,0.03268,0.0007,0.77756,0.00277,0.1539,0.00478,0.01965,0.00669,4,011,460
0.0005,0.00027,0.03898,0.00218,0.9064,0.00345,0.01886,0.00157,0.00113,0.02668,4,012,461
0.03865,0.00355,0.01857,0.0704,0.5721,0.10626,0.06156,0.01897,0.0062,0.10375,4,013,462
0.00349,0.01079,0.0668,0.00751,0.38464,0.05648,0.33772,0.00835,0.00692,0.1173,4,014,463
0.00733,0.00412,0.04388,0.02163,0.22833,0.02628,0.60629,0.00423,0.01674,0.04117,4,015,464
0.00145,0.00089,0.12582,0.00876,0.78728,0.00258,0.02952,0.00421,0.00081,0.0387,4,016,465
0.12132,0.01075,0.18528,0.02875,0.09805,0.03346,0.36114,0.03106,0.07598,0.05421,4,017,466
0.01092,0.00363,0.01381,0.14747,0.32344,0.01169,0.07301,0.28499,0.01026,0.12079,4,018,467
0.0556,0.00629,0.04231,0.09225,0.05936,0.03543,0.03542,0.64638,0.00479,0.02217,4,019,468
0.26822,0.06469,0.02756,0.14523,0.10304,0.1163,0.0397,0.05645,0.00858,0.17024,4,020,469
0.00013,0.00048,0.00024,0.0003,0.00035,0.99619,0.00152,0.0002,0.00017,0.00041,5,011,560
0.00699,0.00251,0.0025,0.15919,0.00158,0.80189,0.02356,0.00034,0.00039,0.00104,5,012,561
0.00066,0.00073,0.0016,0.00828,0.00756,0.92475,0.00339,0.00372,0.0001,0.04921,5,013,562
0.04784,0.02852,0.02306,0.02155,0.00952,0.78306,0.06305,0.00892,0.00613,0.00835,5,014,563
0.05452,0.05925,0.0341,0.02515,0.00876,0.6998,0.10201,0.00326,0.00128,0.01186,5,015,564
0.05186,0.04982,0.19928,0.07027,0.18121,0.14766,0.13356,0.02898,0.02688,0.11048,5,016,565
0.07726,0.01657,0.0033,0.00146,0.00052,0.84389,0.05579,0.00021,0.00067,0.00034,5,017,566
0.0027,0.00515,0.00071,0.0013,0.00013,0.98525,0.00301,0.00102,4e-05,0.00069,5,018,567
0.00149,0.34984,0.01569,0.00185,0.00397,0.6019,0.01697,0.00139,0.00153,0.00536,5,019,568
0.00143,0.00114,0.00735,0.00388,0.00301,0.96494,0.00461,0.00628,0.00146,0.0059,5,020,569
0.0196,0.01221,0.02268,0.01758,0.01556,0.10474,0.78702,0.01063,0.00665,0.00334,6,011,660
0.01732,0.05015,0.34404,0.00911,0.17662,0.09524,0.23267,0.02088,0.02517,0.0288,6,012,661
0.01067,0.00162,0.0058,0.0105,0.00455,0.00276,0.90265,0.03315,0.027,0.0013,6,013,662
0.00049,0.0011,0.82119,0.00068,0.07905,0.00371,0.0817,0.001,0.00959,0.00148,6,014,663
0.00086,0.00029,0.00253,0.00022,0.00701,0.00072,0.97999,0.00371,0.00308,0.00159,6,015,664
0.00101,7e-05,0.02567,0.00161,0.00625,0.00099,0.96008,0.00197,0.00138,0.00097,6,016,665
0.00431,0.00136,0.00524,0.00792,0.00301,0.01782,0.95589,0.00321,0.00037,0.00087,6,017,666
5e-05,6e-05,0.00848,0.00042,0.0029,0.00079,0.9857,0.00121,0.00028,0.00012,6,018,667
0.03644,0.01421,0.16285,0.01117,0.07709,0.07804,0.39623,0.04137,0.03222,0.15038,6,019,668
0.00136,0.00475,0.08549,0.00116,0.00768,0.0043,0.88197,0.00686,0.00306,0.00337,6,020,669
0.0,0.0,0.0,0.0,0.0,0.0,0.0,0.99992,0.0,8e-05,7,011,760
0.00072,0.00045,0.0013,0.00057,0.0028,0.00076,0.0014,0.96489,0.00461,0.02249,7,012,761
0.00065,0.00053,0.0005,0.00037,0.00171,0.00226,0.00028,0.77597,0.00083,0.21688,7,013,762
0.02915,0.0049,0.2415,0.34662,0.03112,0.0168,0.19889,0.04595,0.00301,0.08205,7,014,763
0.00963,0.00576,0.01058,0.00568,0.00605,0.00836,0.01051,0.90491,0.00412,0.03441,7,015,764
0.02835,0.00259,0.02722,0.02252,0.00873,0.00579,0.00378,0.8141,0.05911,0.02781,7,016,765
0.02811,0.01476,0.08124,0.0082,0.01683,0.01577,0.03774,0.7534,0.00346,0.04049,7,017,766
4e-05,0.0001,0.00032,6e-05,0.00017,0.0004,0.00021,0.99504,0.00038,0.00328,7,018,767
0.00703,0.00193,0.00024,0.00026,0.0006,0.00013,0.00011,0.9817,0.00036,0.00763,7,019,768
0.00077,0.00021,0.0177,0.0011,0.00571,0.00048,0.01104,0.95819,0.00247,0.00233,7,020,769
2e-05,0.0001,0.00252,0.00029,0.01146,8e-05,0.00022,0.00019,0.98469,0.00042,8,011,860
0.00059,0.0002,0.0966,0.00032,0.00224,0.00166,0.00652,0.00412,0.88746,0.00029,8,012,861
0.05325,0.08373,0.01523,0.00476,0.00313,0.00221,0.00273,0.01887,0.81154,0.00456,8,013,862
0.00799,0.00254,0.02764,0.00481,0.00572,0.01198,0.02512,0.00305,0.90971,0.00143,8,014,863
0.00044,9e-05,0.46233,0.0008,0.00416,0.00055,0.09149,0.00112,0.4388,0.00022,8,015,864
0.01331,0.00226,0.02983,0.01521,0.07185,0.00342,0.00334,0.5988,0.15635,0.10563,8,016,865
0.00028,0.0003,0.0048,0.00024,0.00125,0.00027,0.00729,0.00072,0.98329,0.00156,8,017,866
0.02715,0.01483,0.10374,0.00517,0.02353,0.01787,0.02168,0.01258,0.75924,0.01421,8,018,867
4e-05,0.00015,0.03901,9e-05,0.00203,0.0003,0.00061,0.00076,0.95654,0.00047,8,019,868
0.00438,0.00391,0.02262,0.00142,0.01064,0.00297,0.00585,0.38967,0.47359,0.08494,8,020,869
0.03845,0.01721,0.10292,0.01315,0.14374,0.03791,0.02573,0.12951,0.06661,0.42477,9,011,960
0.67968,0.00201,0.01359,0.22932,0.00856,0.01343,0.01658,0.00763,0.00965,0.01956,9,012,961
0.00208,0.00232,0.01551,0.01549,0.81431,0.01056,0.02533,0.011,0.00142,0.10198,9,013,962
0.13128,0.03963,0.04545,0.06327,0.11943,0.03127,0.05137,0.29659,0.00915,0.21257,9,014,963
0.00041,5e-05,0.00014,0.00057,0.00384,0.00076,0.00026,0.01465,0.00011,0.97921,9,015,964
0.01835,0.00679,0.02102,0.06408,0.02232,0.7452,0.07976,0.00506,0.01102,0.0264,9,016,965
0.08894,0.25894,0.02614,0.0732,0.09804,0.13512,0.01082,0.0683,0.01005,0.23045,9,017,966
0.03829,0.16811,0.01157,0.06194,0.05126,0.08178,0.01825,0.44068,0.00538,0.12274,9,018,967
1e-05,7e-05,2e-05,2e-05,0.00213,0.00011,3e-05,0.00139,3e-05,0.99619,9,019,968
0.00887,0.00231,0.01269,0.0171,0.19693,0.03662,0.26333,0.0234,0.00116,0.43759,9,020,969
0.75015,0.00551,0.01654,0.01653,0.00876,0.15191,0.02835,0.00422,0.0061,0.01194,0,021,70
0.41394,0.44595,0.00583,0.00434,0.00296,0.0088,0.00302,0.04058,0.05867,0.01591,0,022,71
0.22812,0.00934,0.08522,0.19165,0.07031,0.11257,0.03507,0.1797,0.02636,0.06165,0,023,72
0.96782,0.00108,0.00034,0.01107,0.0004,0.01429,0.00298,0.00066,0.0003,0.00106,0,024,73
0.90997,0.00066,0.00167,0.03705,0.00142,0.01581,0.00536,0.01476,0.00035,0.01297,0,025,74
0.25723,0.00457,0.07709,0.26902,0.09219,0.03883,0.12163,0.02929,0.02696,0.08319,0,026,75
0.84722,0.00465,0.00252,0.11173,0.00501,0.00741,0.01333,0.00236,0.00234,0.00343,0,027,76
0.99635,2e-05,2e-05,0.0019,3e-05,0.00028,0.00019,0.00044,0.00016,0.0006,0,028,77
0.46483,0.02152,0.06755,0.03391,0.07001,0.01415,0.04295,0.16662,0.0229,0.09555,0,029,78
0.76718,0.00079,0.02593,0.11614,0.01269,0.03171,0.01363,0.01456,0.00525,0.01212,0,030,79
0.0,0.99907,4e-05,2e-05,0.0,0.00056,2e-05,8e-05,0.00013,8e-05,1,071,170
0.00321,0.92774,0.00494,0.00109,0.00113,0.04543,0.00853,0.003,0.00342,0.0015,1,072,171
0.00774,0.89399,0.01259,0.00223,0.00378,0.05821,0.01002,0.00475,0.00124,0.00544,1,073,172
0.00044,0.98519,0.00092,0.00017,0.00081,0.00944,0.00093,0.00046,0.00029,0.00135,1,074,173
0.00077,0.99624,5e-05,8e-05,6e-05,0.00195,0.00012,0.00042,0.00012,0.00019,1,075,174
0.00196,0.97975,0.00069,0.00019,5e-05,0.01564,0.00038,0.00042,2e-05,0.0009,1,076,175
0.0,0.99852,7e-05,2e-05,2e-05,0.00108,2e-05,2e-05,2e-05,0.00024,1,077,176
0.0,0.99698,6e-05,8e-05,3e-05,0.00162,7e-05,0.00051,0.00053,0.00012,1,078,177
0.25854,0.07209,0.00604,0.03968,0.03029,0.0111,0.02365,0.03069,0.20657,0.32134,1,079,178
0.01512,0.85134,0.0094,0.00654,0.01774,0.04735,0.02526,0.00466,0.01576,0.00684,1,080,179
0.0835,0.00446,0.03493,0.03594,0.01868,0.03943,0.01797,0.0084,0.7439,0.01279,2,021,270
0.00019,0.00016,0.97192,0.00041,0.01178,0.00076,0.01076,0.00205,0.00137,0.0006,2,022,271
0.01016,0.02417,0.41547,0.0064,0.02593,0.01357,0.04821,0.04667,0.40698,0.00245,2,023,272
0.00118,0.00277,0.95177,0.00016,0.00927,0.00196,0.00503,0.00177,0.02544,0.00064,2,024,273
0.00326,0.00057,0.87659,0.00087,0.00363,0.01535,0.00341,0.00513,0.08997,0.00121,2,025,274
0.00506,0.00092,0.84038,0.0119,0.00731,0.00759,0.01493,0.0021,0.10596,0.00385,2,026,275
0.00211,0.00047,0.84583,0.08797,0.02268,0.00922,0.02776,0.0015,0.00158,0.00088,2,027,276
0.00346,0.00056,0.91186,0.00113,0.01905,0.00407,0.00259,0.00353,0.04846,0.00528,2,028,277
0.00026,0.00043,0.8953,0.00033,0.00092,0.00053,0.00202,0.00054,0.09956,0.00011,2,029,278
0.00397,0.00138,0.79032,0.00178,0.00968,0.01202,0.03643,0.00357,0.13992,0.00092,2,030,279
0.03559,0.00813,0.03144,0.59631,0.05778,0.19258,0.02984,0.00624,0.0027,0.03938,3,021,370
0.84625,0.02428,0.02991,0.00495,0.00395,0.04403,0.02111,0.00335,0.01562,0.00655,3,022,371
0.06284,0.00408,0.14852,0.09205,0.1025,0.03198,0.40402,0.08416,0.01182,0.05804,3,023,372
0.01953,0.00375,0.02171,0.25682,0.08069,0.05027,0.02146,0.21611,0.00295,0.3267,3,024,373
0.0012,0.00013,0.00015,0.99661,0.00074,0.0002,0.0002,0.00025,0.00013,0.00038,3,025,374
0.01289,0.00244,0.05025,0.295,0.50174,0.01063,0.08932,0.00676,0.00167,0.02929,3,026,375
0.03593,0.00046,0.00246,0.89971,0.01578,0.03143,0.00119,0.0077,0.00052,0.00482,3,027,376
0.00329,7e-05,0.0001,0.99398,0.00052,0.00057,0.00092,0.00021,3e-05,0.0003,3,028,377
0.21666,0.00196,0.00349,0.54685,0.13901,0.01031,0.00537,0.02889,0.00746,0.04,3,029,378
0.06353,0.00138,0.00461,0.51513,0.06234,0.07291,0.006,0.01819,0.00108,0.25481,3,030,379
0.00723,0.00129,0.01824,0.01184,0.66229,0.00649,0.25804,0.01257,0.00803,0.01398,4,021,470
0.00654,0.0016,0.01888,0.084,0.66525,0.02436,0.00724,0.05349,0.00297,0.13568,4,022,471
0.00149,0.00077,0.06797,0.00115,0.87319,0.00677,0.02656,0.00691,0.0037,0.01149,4,023,472
0.00326,0.00203,0.03231,0.00238,0.66749,0.00632,0.03202,0.11882,0.00295,0.13241,4,024,473
0.00173,0.00094,0.0087,0.00081,0.84205,0.00086,0.03742,0.07532,0.00093,0.03124,4,025,474
0.00308,0.00035,0.11567,0.00655,0.80579,0.00195,0.02543,0.0054,0.00202,0.03376,4,026,475
0.00475,0.00323,0.03424,0.0294,0.64029,0.03222,0.13389,0.02789,0.00149,0.0926,4,027,476
0.03467,0.0014,0.05468,0.64871,0.17421,0.02152,0.02354,0.01785,0.01012,0.0133,4,028,477
0.00504,0.00872,0.67537,0.0092,0.13546,0.06628,0.05598,0.00968,0.00415,0.03013,4,029,478
0.20478,0.03081,0.02938,0.19097,0.1122,0.05957,0.0268,0.09342,0.0148,0.23728,4,030,479
0.00165,0.00052,0.00016,0.00068,8e-05,0.99535,0.00136,8e-05,4e-05,8e-05,5,021,570
0.02343,0.00249,0.01716,0.02558,0.04557,0.61703,0.22759,0.0175,0.00576,0.0179,5,022,571
0.01549,0.00909,0.00017,0.001,5e-05,0.97257,0.00115,0.00022,5e-05,0.0002,5,023,572
0.01905,0.00061,0.00168,0.02584,0.0036,0.91791,0.0054,0.0053,0.00036,0.02025,5,024,573
0.0273,0.0007,0.00026,0.00384,0.00229,0.9607,0.00277,0.00053,0.00016,0.00146,5,025,574
0.0004,3e-05,0.00019,0.00045,0.00013,0.99683,0.00175,3e-05,1e-05,0.00017,5,026,575
0.07413,0.00229,0.04407,0.38014,0.25215,0.11531,0.0663,0.01879,0.0098,0.03703,5,027,576
0.00345,0.0021,0.00609,0.00118,0.00342,0.95952,0.01979,0.00098,0.00017,0.00331,5,028,577
0.00023,0.00017,0.0001,0.00011,6e-05,0.99838,0.00071,7e-05,1e-05,0.00017,5,029,578
0.00647,0.01542,0.0369,0.00215,0.0061,0.75475,0.17284,0.00079,0.00323,0.00133,5,030,579
0.00041,0.0003,0.00836,0.0008,0.0025,0.00293,0.97827,0.00455,0.00058,0.0013,6,021,670
0.00208,0.00138,0.03651,0.00282,0.01104,0.00992,0.91999,0.00742,0.00427,0.00456,6,022,671
0.00959,0.01222,0.0098,0.00241,0.0102,0.02653,0.8734,0.01775,0.00164,0.03645,6,023,672
0.03407,0.15491,0.01755,0.00596,0.01766,0.15749,0.57918,0.01089,0.00402,0.01828,6,024,673
0.05119,0.00472,0.01014,0.01231,0.03446,0.24123,0.58267,0.00972,0.00129,0.05227,6,025,674
0.00571,0.00421,0.01305,0.0017,0.00594,0.08912,0.84889,0.02282,0.00197,0.00661,6,026,675
0.01257,0.00095,0.00603,0.00082,0.00472,0.01061,0.95862,0.00239,0.00065,0.00264,6,027,676
0.00037,0.00046,0.02381,0.00028,0.00611,0.00106,0.96177,0.00361,0.00162,0.00092,6,028,677
0.01095,0.00255,0.06896,0.00113,0.00502,0.01892,0.86347,0.0139,0.00687,0.00823,6,029,678
0.01149,0.0046,0.02666,0.77376,0.01351,0.05827,0.06771,0.02168,0.00198,0.02033,6,030,679
0.00519,0.00238,0.10806,0.00468,0.18028,0.00206,0.10782,0.58176,0.00175,0.00602,7,021,770
0.04808,0.01391,0.01066,0.00105,0.01537,0.01029,0.01599,0.84892,0.00617,0.02955,7,022,771
0.00032,0.00023,0.00068,0.0001,0.00311,0.00021,0.00023,0.99336,0.00085,0.0009,7,023,772
0.00051,0.00059,0.00102,0.00016,0.00029,0.00075,0.00029,0.99469,0.00052,0.00117,7,024,773
0.06539,0.0097,0.0292,0.05081,0.09808,0.13946,0.02145,0.50429,0.01133,0.07029,7,025,774
0.01329,0.00246,0.00711,0.00579,0.02584,0.0281,0.01398,0.82326,0.00369,0.07648,7,026,775
0.01176,0.00694,0.00118,0.00201,0.00249,0.00296,0.00073,0.82589,0.01561,0.13043,7,027,776
0.00256,0.00051,0.00929,0.00379,0.63934,0.00839,0.01675,0.03394,0.01041,0.27501,7,028,777
0.00905,0.00581,0.00278,0.00257,0.00555,0.01,0.00211,0.93605,0.00136,0.02472,7,029,778
0.0003,0.00283,0.00159,0.0001,0.00291,0.00055,0.00098,0.98677,0.00102,0.00295,7,030,779
0.10074,0.12929,0.08149,0.02569,0.15641,0.06451,0.13454,0.0165,0.1601,0.13074,8,021,870
0.00198,0.00104,0.00687,0.00128,0.05857,0.00168,0.0036,0.32754,0.58519,0.01224,8,022,871
0.00091,0.00141,0.02556,0.00095,0.00583,0.00325,0.0154,0.00053,0.94557,0.00059,8,023,872
0.34231,0.00918,0.00451,0.04332,0.01504,0.02014,0.0056,0.16726,0.31888,0.07375,8,024,873
0.03181,0.00252,0.13222,0.14869,0.28508,0.07693,0.18283,0.01354,0.03543,0.09096,8,025,874
9e-05,0.0001,0.00016,7e-05,7e-05,8e-05,0.00021,9e-05,0.99905,8e-05,8,026,875
0.05553,0.02623,0.02783,0.00962,0.01772,0.47334,0.09726,0.08899,0.17328,0.03018,8,027,876
0.00076,0.00013,0.00404,0.00087,0.00226,0.00071,0.00296,0.00253,0.9854,0.00035,8,028,877
0.1647,0.0094,0.0446,0.03664,0.01759,0.14249,0.04295,0.01375,0.5058,0.02207,8,029,878
0.00057,0.00033,0.01057,0.00051,0.00438,0.00151,0.00345,0.00267,0.97573,0.00027,8,030,879
0.011,0.01055,0.00711,0.74691,0.01683,0.01011,0.00742,0.13838,0.0013,0.0504,9,021,970
0.00763,0.00123,0.00657,0.01318,0.23496,0.01731,0.00381,0.0193,0.00118,0.69482,9,022,971
0.0102,0.00204,0.01118,0.0616,0.05874,0.31298,0.14892,0.04314,0.00359,0.3476,9,023,972
0.00343,0.00124,0.01202,0.01009,0.06005,0.02797,0.00716,0.05194,0.00043,0.82568,9,024,973
0.04281,0.01448,0.22787,0.01651,0.20596,0.04038,0.05215,0.11431,0.02994,0.25557,9,025,974
0.00804,0.00342,0.02315,0.14706,0.14239,0.07357,0.09972,0.00834,0.00565,0.48867,9,026,975
0.05595,0.0024,0.03242,0.07288,0.32474,0.01564,0.01595,0.21485,0.0507,0.21447,9,027,976
0.00545,0.00823,0.00119,0.00035,0.00145,0.00076,0.00172,0.96511,0.00027,0.01547,9,028,977
0.0608,0.00812,0.09817,0.24644,0.31414,0.08168,0.07271,0.01778,0.01847,0.0817,9,029,978
0.02205,0.00055,0.00094,0.00891,0.05272,0.0008,0.00137,0.01226,0.0011,0.8993,9,030,979
0.2195,0.0299,0.02486,0.01326,0.0103,0.49838,0.04254,0.0079,0.14217,0.01119,0,031,80
0.80423,0.00157,0.00192,0.08881,0.00862,0.06156,0.02325,0.00088,0.00251,0.00665,0,032,81
0.14388,0.14486,0.00793,0.09355,0.00616,0.03006,0.00915,0.52832,0.00565,0.03044,0,033,82
0.52775,0.00012,0.00041,0.45527,0.00055,0.01285,0.00074,0.00051,0.00162,0.00018,0,034,83
0.62391,0.05031,0.00503,0.15973,0.01757,0.05261,0.04152,0.0146,0.00506,0.02968,0,035,84
0.8407,0.0034,0.00788,0.03071,0.01594,0.01171,0.05279,0.00928,0.00297,0.02462,0,036,85
0.64627,0.00309,0.00479,0.01763,0.00442,0.02233,0.00395,0.26492,0.02129,0.0113,0,037,86
0.85042,0.00258,0.01959,0.08556,0.00524,0.01862,0.00879,0.00323,0.00228,0.0037,0,038,87
0.63632,0.00188,0.00255,0.25926,0.00683,0.00782,0.00411,0.00915,0.00486,0.0672,0,039,88
0.78956,0.00874,0.001,0.00526,0.00033,0.18619,0.00625,0.00053,0.0016,0.00053,0,040,89
0.00074,0.99754,3e-05,4e-05,7e-05,0.00099,0.00012,0.00016,3e-05,0.00027,1,081,180
0.00073,0.99412,0.00024,0.00016,0.00019,0.00168,0.00046,0.00066,0.00062,0.00113,1,082,181
0.0,0.99919,5e-05,5e-05,6e-05,0.00028,4e-05,6e-05,3e-05,0.00025,1,083,182
0.00055,0.99383,0.00025,0.0003,0.00028,0.00377,0.00052,0.00015,0.00012,0.00023,1,084,183
0.01879,0.93321,0.01731,0.00377,0.00812,0.0082,0.0045,0.00174,0.0015,0.00285,1,085,184
0.05799,0.89624,0.00076,0.00109,0.00046,0.00747,0.00157,0.02089,0.00125,0.01228,1,086,185
0.00355,0.9571,0.01215,0.00053,0.0017,0.0128,0.00723,0.00143,0.00245,0.00107,1,087,186
0.00045,0.99737,0.00031,9e-05,0.00011,0.00088,0.0003,0.0001,0.00015,0.00023,1,088,187
0.48377,0.07209,0.00736,0.03829,0.028,0.05695,0.00607,0.04861,0.0062,0.25266,1,089,188
4e-05,0.98587,0.00019,0.00012,0.00017,0.01173,0.0014,5e-05,5e-05,0.00038,1,090,189
0.00012,0.00024,0.99202,0.00027,0.00118,0.00013,0.0017,0.00062,0.00359,0.00015,2,031,280
0.0,0.0,0.9988,0.0,0.00013,4e-05,0.00034,0.00013,0.00055,1e-05,2,032,281
0.00547,0.00331,0.86074,0.01126,0.02788,0.01179,0.03422,0.00569,0.03031,0.00931,2,033,282
0.00778,0.00051,0.87216,0.01512,0.01947,0.00298,0.00466,0.016,0.05744,0.00389,2,034,283
0.00285,0.03611,0.77538,0.01297,0.05905,0.00591,0.02335,0.06151,0.01675,0.00612,2,035,284
0.00046,0.00022,0.95896,0.00083,0.006,0.00147,0.00456,0.00106,0.02415,0.00229,2,036,285
0.00281,0.00051,0.82028,0.00146,0.02,0.00638,0.12516,0.00709,0.01429,0.00204,2,037,286
0.00011,0.0008,0.98735,0.00014,0.00494,0.00032,0.00165,0.00186,0.00264,0.0002,2,038,287
0.02895,0.00411,0.4251,0.02305,0.08708,0.02634,0.09645,0.06992,0.19578,0.04323,2,039,288
0.00842,0.00223,0.5058,0.01975,0.05624,0.00774,0.28951,0.00717,0.09438,0.00877,2,040,289
0.00857,0.00023,0.01901,0.92766,0.02296,0.00667,0.00143,0.00421,0.00091,0.00835,3,031,380
0.1218,0.00217,0.0498,0.59435,0.05132,0.00796,0.00933,0.14197,0.00949,0.0118,3,032,381
0.09125,0.0052,0.00664,0.05691,0.07804,0.61632,0.10987,0.01391,0.00363,0.01823,3,033,382
0.02007,0.00091,0.03329,0.03473,0.02137,0.01563,0.85915,0.00064,0.01375,0.00045,3,034,383
0.02534,0.00232,0.01145,0.81099,0.07412,0.01852,0.02202,0.0039,0.00555,0.02579,3,035,384
0.00226,0.00053,0.00261,0.81274,0.11207,0.00613,0.002,0.01558,0.00036,0.04574,3,036,385
0.08537,0.00184,0.0513,0.78242,0.01976,0.01258,0.01925,0.00322,0.01099,0.01327,3,037,386
0.74218,0.01467,0.00062,0.21412,0.00073,0.01779,0.00201,0.00194,0.0029,0.00305,3,038,387
0.00222,0.00021,0.00092,0.9616,0.00227,0.01811,0.01368,0.00017,0.00049,0.00032,3,039,388
0.00096,9e-05,0.0006,0.99052,0.00261,0.00066,0.00273,0.0002,0.00099,0.00065,3,040,389
0.00846,0.0014,0.02312,0.02162,0.71778,0.01285,0.11193,0.03887,0.0165,0.04746,4,031,480
0.0003,0.00022,0.01227,0.00076,0.97265,0.00043,0.00501,0.00108,0.00062,0.00666,4,032,481
0.04097,0.00173,0.01782,0.05136,0.30316,0.0361,0.00582,0.0761,0.00357,0.46337,4,033,482
0.00129,0.00079,0.00957,0.00394,0.70374,0.00096,0.01495,0.04384,0.03049,0.19043,4,034,483
0.02087,0.01676,0.09559,0.11512,0.4661,0.03046,0.05341,0.02809,0.009,0.1646,4,035,484
0.00384,0.00115,0.0293,0.0066,0.83428,0.00271,0.01641,0.04227,0.00226,0.06119,4,036,485
0.00202,0.00065,0.90149,0.01481,0.03225,0.00721,0.00993,0.02049,0.00072,0.01043,4,037,486
0.02087,0.0125,0.0168,0.00714,0.14636,0.00869,0.0076,0.63707,0.01291,0.13007,4,038,487
0.01033,0.0015,0.07147,0.06056,0.5926,0.01009,0.01379,0.14186,0.01149,0.08631,4,039,488
0.00229,0.0004,0.00297,0.07003,0.86585,0.00218,0.01796,0.02022,0.00098,0.01713,4,040,489
0.00038,0.00106,0.00062,0.00073,0.00058,0.98925,0.00447,7e-05,0.00014,0.00271,5,031,580
0.00063,0.00145,0.00266,0.00082,0.00341,0.97841,0.0078,0.00058,0.00041,0.00384,5,032,581
0.0003,0.0004,0.00015,0.00081,0.00029,0.99641,0.00022,0.00076,8e-05,0.00059,5,033,582
0.00469,0.0059,0.01136,0.00318,0.00698,0.92026,0.04011,0.00104,0.00224,0.00424,5,034,583
0.00332,0.86243,0.00104,0.00024,0.00028,0.11356,0.01757,0.00042,0.00029,0.00085,5,035,584
0.001,0.00267,0.00291,0.00385,0.00083,0.98458,0.00207,0.00062,0.00048,0.001,5,036,585
0.44849,0.00651,0.05118,0.01162,0.03062,0.32633,0.00701,0.02477,0.00761,0.08587,5,037,586
0.0406,0.03373,0.41409,0.09238,0.06215,0.06297,0.19715,0.02002,0.03351,0.0434,5,038,587
0.06439,0.12832,0.40041,0.02474,0.01943,0.03296,0.16945,0.0578,0.06464,0.03786,5,039,588
0.00255,0.02859,0.00074,0.00096,0.00049,0.96408,0.00106,0.00039,0.00018,0.00096,5,040,589
0.00123,0.00062,0.00329,0.00159,0.00569,0.01698,0.96384,0.00358,0.00082,0.00236,6,031,680
0.03207,0.00454,0.02475,0.02248,0.09031,0.03922,0.71009,0.02171,0.00244,0.05238,6,032,681
0.02539,0.00945,0.09822,0.01099,0.05527,0.24822,0.49071,0.02408,0.01594,0.02173,6,033,682
0.00997,0.00526,0.11271,0.00341,0.00432,0.0327,0.81734,0.00277,0.00785,0.00367,6,034,683
0.00426,0.00192,0.04407,0.00676,0.07036,0.4081,0.41457,0.02917,0.01152,0.00927,6,035,684
0.00282,0.00059,0.01601,0.00182,0.07587,0.00225,0.89581,0.00108,0.0016,0.00216,6,036,685
0.00172,0.00035,0.01506,0.00121,0.03082,0.00297,0.94156,0.00318,0.00156,0.00157,6,037,686
0.00217,0.00023,0.00204,0.00269,0.02054,0.00402,0.96175,0.00447,0.00021,0.00188,6,038,687
0.02422,0.0025,0.01428,0.06878,0.01418,0.69005,0.16869,0.00275,0.00562,0.00893,6,039,688
0.00199,0.00244,0.05499,0.00527,0.02411,0.02123,0.88589,0.00068,0.00149,0.00191,6,040,689
0.00135,0.00651,0.01406,0.01941,0.36054,0.01366,0.00608,0.16457,0.0042,0.40962,7,031,780
0.08914,0.05052,0.0615,0.00605,0.01733,0.00933,0.00712,0.58293,0.06623,0.10985,7,032,781
0.00434,0.00656,0.00847,0.00314,0.04253,0.00469,0.00835,0.6996,0.00218,0.22013,7,033,782
0.05508,0.00127,0.00459,0.05543,0.00628,0.00921,0.01523,0.8287,0.0022,0.02202,7,034,783
0.00029,0.00014,0.00026,0.00013,0.00034,0.00028,0.00012,0.99751,0.00054,0.0004,7,035,784
0.00048,0.00333,0.00061,9e-05,0.00173,0.00021,0.00043,0.98899,0.0005,0.00363,7,036,785
0.00043,0.00039,0.00116,0.00119,0.00182,0.00051,0.00298,0.98863,0.00057,0.00232,7,037,786
0.05462,0.01057,0.02594,0.13575,0.09436,0.02531,0.01155,0.25425,0.04772,0.33993,7,038,787
0.00763,0.00565,0.38938,0.00253,0.0072,0.00698,0.55999,0.01009,0.00638,0.00418,7,039,788
0.00988,0.00243,0.03075,0.02605,0.01991,0.0139,0.06695,0.81748,0.00207,0.01058,7,040,789
0.0,0.0,0.0,0.0,0.0,0.0,0.0,0.0,0.99998,2e-05,8,031,880
6e-05,0.00011,0.00061,5e-05,0.00026,0.00011,0.00012,0.0004,0.99812,0.00016,8,032,881
0.00215,0.0013,0.00173,0.00169,0.00318,0.00069,0.00077,0.26495,0.66857,0.05496,8,033,882
0.02787,0.03064,0.0062,0.00813,0.03912,0.01963,0.0132,0.01929,0.72791,0.10801,8,034,883
0.00922,0.01074,0.00398,0.00031,0.00246,0.00096,0.00159,0.0179,0.94832,0.00452,8,035,884
0.00135,0.00046,0.01852,0.00183,0.05838,0.00189,0.01606,0.00142,0.89854,0.00154,8,036,885
0.02364,0.15802,0.12941,0.04613,0.05938,0.06487,0.10311,0.02655,0.3445,0.04438,8,037,886
5e-05,3e-05,0.00505,0.00018,0.00035,4e-05,0.00048,0.00046,0.99327,8e-05,8,038,887
0.00093,0.00037,0.00203,0.00138,0.00185,0.00114,0.00128,0.00307,0.98554,0.00241,8,039,888
0.0107,0.01662,0.00149,0.00055,0.00344,0.00075,0.001,0.10047,0.85263,0.01234,8,040,889
0.00962,0.00439,0.01269,0.01605,0.07808,0.33668,0.08444,0.01011,0.0076,0.44034,9,031,980
0.00266,0.00264,0.00824,0.02281,0.04556,0.00623,0.00329,0.10776,0.00547,0.79533,9,032,981
0.00413,0.00327,0.00729,0.01123,0.02197,0.04794,0.00273,0.42077,0.00103,0.47965,9,033,982
0.00284,0.00051,0.00277,0.02355,0.70272,0.0031,0.01475,0.01159,0.00299,0.23517,9,034,983
0.05947,0.00783,0.01876,0.04344,0.48116,0.01822,0.1171,0.03295,0.0087,0.21237,9,035,984
0.00555,0.00428,0.0093,0.00933,0.03499,0.00949,0.00724,0.15447,0.0055,0.75984,9,036,985
0.00383,0.00098,0.00315,0.00268,0.01859,0.0086,0.00138,0.11064,0.00052,0.84962,9,037,986
0.00328,0.00124,0.00057,0.00194,0.0015,0.0024,0.00104,0.0062,0.0009,0.98093,9,038,987
0.01202,0.00375,0.00177,0.0047,0.0057,0.02698,0.0018,0.00693,0.00061,0.93574,9,039,988
0.00741,0.01524,0.00496,0.00086,0.01778,0.00621,0.0014,0.23958,0.01355,0.69301,9,040,989
0.99218,0.00053,0.00014,0.00013,0.00013,0.0059,0.00075,3e-05,0.0001,0.0001,0,041,90
0.85723,0.0004,0.00106,0.1206,0.00364,0.00719,0.00851,0.00031,0.00064,0.00042,0,042,91
0.98741,0.00661,0.00025,0.00332,0.00011,0.00133,0.00039,0.00027,0.00022,9e-05,0,043,92
0.37347,0.01997,0.00351,0.17244,0.00379,0.30488,0.05478,0.00571,0.00366,0.0578,0,044,93
0.68159,0.00339,0.00695,0.03929,0.02597,0.0219,0.01081,0.02777,0.16578,0.01655,0,045,94
0.97922,0.00175,0.00051,0.00477,0.00066,0.00607,0.00167,0.0013,0.00126,0.00279,0,046,95
0.00249,0.00236,0.03252,0.04932,0.0481,0.10304,0.07064,0.51416,0.00205,0.17533,0,047,96
0.99203,0.0003,2e-05,0.00697,1e-05,0.00045,0.00011,7e-05,1e-05,3e-05,0,048,97
0.97621,0.00029,0.00041,0.00561,0.00045,0.00542,0.006,0.00054,0.00032,0.00476,0,049,98
0.3804,0.00487,0.20117,0.19912,0.03504,0.0712,0.0847,0.00421,0.01022,0.00907,0,050,99
0.0558,0.7428,0.02147,0.01226,0.00843,0.0394,0.03181,0.04429,0.00336,0.04038,1,091,190
0.0024,0.92818,0.00657,0.00077,0.00253,0.04315,0.00339,0.00428,0.00436,0.00438,1,092,191
0.00038,0.98581,0.00036,0.00012,0.0001,0.01189,0.00042,0.00023,0.00025,0.00043,1,093,192
0.00031,0.99564,0.00116,0.00024,6e-05,0.00106,0.00048,0.00033,0.00057,0.00013,1,094,193
0.00046,0.99688,0.00022,7e-05,3e-05,0.00174,0.00012,0.00012,0.0003,5e-05,1,095,194
0.01768,0.83476,0.0158,0.01583,0.00099,0.10412,0.00116,0.0029,0.00266,0.0041,1,096,195
0.01245,0.93433,0.0003,0.00137,5e-05,0.0496,0.00023,0.00058,0.00053,0.00056,1,097,196
0.08787,0.42335,0.13238,0.01672,0.01456,0.1697,0.10377,0.03822,0.00625,0.00718,1,098,197
0.1173,0.81501,0.00292,0.00076,0.00083,0.01393,0.04245,0.00178,0.00224,0.00278,1,099,198
0.02873,0.89266,0.01379,0.00257,0.00431,0.02747,0.01809,0.00275,0.00242,0.00723,1,100,199
0.00138,0.0081,0.90886,0.00172,0.02228,0.01723,0.03116,0.0024,0.00531,0.00156,2,041,290
0.0025,0.01806,0.89868,0.00182,0.01949,0.00257,0.01218,0.02642,0.00858,0.00969,2,042,291
0.00066,0.00401,0.90853,0.00125,0.03164,0.00228,0.00697,0.03772,0.00379,0.00313,2,043,292
0.00826,0.00617,0.44373,0.0112,0.11028,0.01053,0.08964,0.02135,0.28977,0.00906,2,044,293
0.01975,0.0028,0.51786,0.06712,0.07658,0.03251,0.02304,0.00493,0.24587,0.00955,2,045,294
0.00417,0.00237,0.74852,0.01352,0.03904,0.01812,0.1369,0.01597,0.00952,0.01187,2,046,295
9e-05,0.00083,0.95553,0.00059,0.03299,0.00263,0.00538,0.00049,0.00088,0.00059,2,047,296
0.03795,0.07957,0.53181,0.00527,0.02375,0.03749,0.20627,0.02264,0.04328,0.01196,2,048,297
0.00612,0.00219,0.96295,0.00272,0.00636,0.00501,0.00534,0.00226,0.00677,0.00028,2,049,298
0.01701,0.00947,0.51519,0.07804,0.0221,0.15759,0.09495,0.0616,0.01007,0.03398,2,050,299
0.13753,0.00655,0.01757,0.5517,0.06578,0.04687,0.12188,0.00645,0.01023,0.03544,3,041,390
0.00837,0.00071,0.00281,0.95616,0.0063,0.0038,0.0029,0.00073,0.00165,0.01656,3,042,391
0.01169,0.00154,0.0041,0.95768,0.00371,0.01087,0.00171,0.00162,0.00068,0.0064,3,043,392
0.07194,0.00177,0.00594,0.56746,0.10139,0.03729,0.04624,0.13791,0.00127,0.02881,3,044,393
0.05222,0.00148,0.00136,0.923,0.00308,0.00969,0.00416,0.00072,0.00287,0.00141,3,045,394
0.07183,0.00134,0.01206,0.60345,0.21477,0.0453,0.02751,0.0024,0.00411,0.01723,3,046,395
0.00211,0.00038,0.01502,0.96404,0.00688,0.00569,0.0012,0.00132,0.00069,0.00266,3,047,396
0.01074,0.0018,0.00116,0.91605,0.00487,0.01191,0.00772,0.00157,0.00035,0.04384,3,048,397
0.00475,0.0006,0.01136,0.96326,0.00339,0.01057,0.00433,0.00091,0.00029,0.00054,3,049,398
0.03036,0.01226,0.11133,0.53669,0.01623,0.10032,0.03299,0.06064,0.00353,0.09565,3,050,399
0.00471,0.00264,0.03896,0.26595,0.4991,0.03401,0.00725,0.12372,0.00426,0.0194,4,041,490
0.01661,0.01441,0.06538,0.01746,0.06537,0.05219,0.00714,0.09978,0.00597,0.65569,4,042,491
0.00101,0.0007,0.02454,0.0435,0.78979,0.0066,0.00539,0.03422,0.00056,0.09369,4,043,492
0.00336,0.00039,0.01046,0.00329,0.59878,0.00077,0.00189,0.36733,0.00061,0.01313,4,044,493
0.01528,0.0023,0.01898,0.03191,0.85061,0.00746,0.05033,0.00763,0.00644,0.00904,4,045,494
0.00599,0.00406,0.03103,0.17725,0.52037,0.04741,0.0286,0.09157,0.01176,0.08196,4,046,495
0.00159,0.00221,0.055,0.00151,0.88287,0.00817,0.02929,0.01067,0.00311,0.00557,4,047,496
0.00847,0.00296,0.06477,0.01754,0.10709,0.06729,0.04382,0.01305,0.00994,0.66507,4,048,497
0.00372,0.00222,0.05913,0.04577,0.52458,0.11295,0.02669,0.15519,0.007,0.06275,4,049,498
0.00097,0.00382,0.38281,0.00267,0.42859,0.00352,0.10942,0.01834,0.04664,0.00321,4,050,499
0.05567,0.00654,0.51113,0.05961,0.15828,0.07666,0.04419,0.00451,0.06055,0.02288,5,041,590
0.14899,0.24259,0.02628,0.05823,0.00899,0.41773,0.00731,0.05943,0.00952,0.02092,5,042,591
0.00927,0.00602,0.01579,0.04035,0.01254,0.80624,0.08843,0.0036,0.00114,0.01662,5,043,592
0.82158,0.0725,0.00044,0.02472,0.00023,0.07522,0.00306,0.00043,0.00047,0.00136,5,044,593
0.0103,0.00214,0.00281,0.00784,0.00619,0.77855,0.17813,0.00115,0.00068,0.01221,5,045,594
0.0006,0.00403,0.00259,0.00146,0.00066,0.95697,0.02755,0.0025,0.00048,0.00314,5,046,595
0.00128,0.00032,0.00379,0.00404,0.0119,0.9505,0.01462,0.00262,0.00114,0.00978,5,047,596
0.02912,0.00274,0.00198,0.00248,0.00115,0.94031,0.01771,0.0006,0.00369,0.00023,5,048,597
0.00187,0.14489,0.0013,0.00045,0.00019,0.8281,0.01926,0.00192,0.00046,0.00157,5,049,598
0.06406,0.78098,0.00287,0.0021,0.00086,0.11894,0.02061,0.00118,0.00779,0.00061,5,050,599
0.00403,0.00211,0.06354,0.0876,0.31783,0.04751,0.44801,0.00752,0.00939,0.01246,6,041,690
0.00486,0.00142,0.04633,0.10173,0.37457,0.01506,0.39808,0.01542,0.00357,0.03896,6,042,691
0.00022,0.00094,0.01029,0.00073,0.00615,0.00298,0.96969,0.00534,0.00092,0.00275,6,043,692
0.00234,0.00474,0.13039,0.00209,0.09908,0.00942,0.70632,0.01559,0.00874,0.02129,6,044,693
0.01816,0.00443,0.14869,0.05355,0.20001,0.03764,0.45237,0.0084,0.02749,0.04925,6,045,694
0.03095,0.09782,0.11658,0.02668,0.11201,0.03096,0.3957,0.04623,0.01291,0.13017,6,046,695
0.00018,0.00038,0.02756,0.00087,0.94922,0.00054,0.0112,0.00825,0.00118,0.00062,6,047,696
0.00279,0.00097,0.54323,0.02828,0.01421,0.05171,0.33355,0.01878,0.00181,0.00466,6,048,697
0.00072,0.00076,0.40675,0.00204,0.02489,0.00312,0.53669,0.00932,0.01418,0.00153,6,049,698
0.00072,0.00055,0.00518,0.00097,0.0056,0.00662,0.96805,0.00194,0.00082,0.00956,6,050,699
0.3965,0.02116,0.00759,0.01347,0.00271,0.05546,0.00756,0.42662,0.00668,0.06225,7,041,790
0.01216,0.00384,0.00161,0.00548,0.00305,0.00754,0.00701,0.94048,0.0063,0.01254,7,042,791
0.034,0.00383,0.0472,0.05795,0.09042,0.0363,0.13361,0.51956,0.02557,0.05157,7,043,792
2e-05,7e-05,0.00055,0.00048,0.00082,0.00035,0.00021,0.99604,0.00011,0.00135,7,044,793
0.46755,0.00254,0.01787,0.17623,0.04025,0.02722,0.0097,0.13404,0.00868,0.11593,7,045,794
0.01375,0.00163,0.00308,0.0878,0.00736,0.01137,0.0024,0.82972,0.00863,0.03427,7,046,795
0.60087,0.01302,0.00441,0.03695,0.00799,0.02052,0.01065,0.13152,0.01028,0.1638,7,047,796
0.03961,0.00284,0.01998,0.18795,0.09318,0.21209,0.05799,0.2272,0.01949,0.13966,7,048,797
6e-05,1e-05,0.00016,4e-05,7e-05,0.00022,4e-05,0.98995,0.00032,0.00912,7,049,798
0.00079,0.00015,0.00082,0.00181,0.003,0.00021,0.00037,0.97917,0.00172,0.01196,7,050,799
0.03078,0.00224,0.00484,0.01268,0.00345,0.00828,0.01113,0.01509,0.90508,0.00643,8,041,890
0.00025,0.00011,0.00025,5e-05,8e-05,3e-05,3e-05,0.00028,0.99887,5e-05,8,042,891
0.00166,0.00041,0.00189,0.00057,0.0011,0.00038,0.00095,0.00117,0.99071,0.00117,8,043,892
0.01009,0.00091,0.00602,0.00564,0.00758,0.00811,0.0196,0.0044,0.92868,0.00897,8,044,893
0.00113,0.00071,0.00105,0.00017,0.0003,0.00095,0.00055,0.00118,0.99106,0.0029,8,045,894
0.01659,0.00578,0.00236,0.00812,0.00356,0.01416,0.00402,0.11348,0.81272,0.0192,8,046,895
0.0009,0.00012,0.00127,0.00205,0.00164,7e-05,8e-05,0.00136,0.99141,0.0011,8,047,896
0.00168,0.0007,0.00135,0.00073,0.00046,0.00079,0.00099,0.00382,0.98798,0.00151,8,048,897
0.00197,0.00072,0.00189,0.00145,0.00133,0.00033,0.00071,0.00507,0.98496,0.00158,8,049,898
0.02929,0.00844,0.00294,0.01072,0.03941,0.01366,0.04048,0.02653,0.80636,0.02217,8,050,899
0.0118,0.08917,0.02034,0.02339,0.20667,0.03372,0.00649,0.00617,0.01693,0.58533,9,041,990
0.07488,0.00765,0.03289,0.19609,0.47695,0.03949,0.05668,0.00618,0.01544,0.09375,9,042,991
0.00775,0.00844,0.00626,0.0012,0.01323,0.01713,0.00199,0.00877,0.00352,0.93171,9,043,992
0.00358,0.00304,0.00033,0.01149,0.0028,0.02604,0.00092,0.00796,0.00011,0.94374,9,044,993
0.01984,0.01046,0.02306,0.03486,0.30164,0.05622,0.01985,0.3976,0.01104,0.12542,9,045,994
0.05501,0.00374,0.05366,0.23261,0.02129,0.07927,0.03646,0.06517,0.00385,0.44894,9,046,995
0.0016,0.00029,0.00809,0.00584,0.80777,0.00198,0.00147,0.01347,0.00135,0.15813,9,047,996
0.00021,0.00113,0.00014,0.00021,0.00082,0.00402,0.00017,0.00358,0.00036,0.98937,9,048,997
0.00367,0.04245,0.00213,0.00424,0.02127,0.11918,0.00736,0.04116,0.00129,0.75725,9,049,998
0.36558,0.05727,0.02194,0.041,0.34659,0.00587,0.00885,0.09939,0.01231,0.0412,9,050,999
